Date,EURUSD,GBPUSD
2015-01-02,1.2015,1.5361
2015-01-05,1.1918,1.5234
2015-01-06,1.1936,1.5174
2015-01-07,1.182,1.5073
2015-01-08,1.1811,1.5118
2015-01-09,1.183,1.5151
2015-01-12,1.1832,1.5168
2015-01-13,1.1779,1.5166
2015-01-14,1.1806,1.5234
2015-01-15,1.1598,1.5161
2015-01-16,1.1517,1.5132
2015-01-19,,
2015-01-20,1.1559,1.5162
2015-01-21,1.1584,1.5118
2015-01-22,1.1414,1.5052
2015-01-23,1.1279,1.5022
2015-01-26,1.129,1.5088
2015-01-27,1.137,1.5196
2015-01-28,1.1342,1.5165
2015-01-29,1.1308,1.5043
2015-01-30,1.129,1.5026
2015-02-02,1.1337,1.5027
2015-02-03,1.1462,1.5129
2015-02-04,1.1418,1.5209
2015-02-05,1.1432,1.5293
2015-02-06,1.133,1.5247
2015-02-09,1.1316,1.5217
2015-02-10,1.1316,1.5252
2015-02-11,1.13,1.5232
2015-02-12,1.141,1.538
2015-02-13,1.1408,1.5394
2015-02-16,,
2015-02-17,1.1395,1.5349
2015-02-18,1.1342,1.543
2015-02-19,1.1392,1.5451
2015-02-20,1.1372,1.5385
2015-02-23,1.1346,1.5465
2015-02-24,1.1307,1.5434
2015-02-25,1.1363,1.5499
2015-02-26,1.1212,1.5424
2015-02-27,1.1197,1.5439
2015-03-02,1.119,1.5371
2015-03-03,1.1212,1.5391
2015-03-04,1.107,1.5266
2015-03-05,1.1006,1.5229
2015-03-06,1.0855,1.5063
2015-03-09,1.0846,1.5097
2015-03-10,1.0707,1.5086
2015-03-11,1.0576,1.4945
2015-03-12,1.0615,1.4907
2015-03-13,1.0524,1.4755
2015-03-16,1.0575,1.48
2015-03-17,1.0605,1.4744
2015-03-18,1.0643,1.4686
2015-03-19,1.0621,1.4729
2015-03-20,1.0792,1.4923
2015-03-23,1.0928,1.4936
2015-03-24,1.0908,1.487
2015-03-25,1.0986,1.4915
2015-03-26,1.0919,1.4844
2015-03-27,1.0891,1.4878
2015-03-30,1.0818,1.4792
2015-03-31,1.0741,1.485
2015-04-01,1.0768,1.4823
2015-04-02,1.0874,1.4842
2015-04-03,1.099,1.4916
2015-04-06,1.1008,1.4959
2015-04-07,1.085,1.4857
2015-04-08,1.0818,1.4924
2015-04-09,1.0671,1.4739
2015-04-10,1.0598,1.4648
2015-04-13,1.0582,1.4658
2015-04-14,1.0672,1.479
2015-04-15,1.0596,1.4782
2015-04-16,1.0742,1.4923
2015-04-17,1.078,1.4942
2015-04-20,1.0763,1.4913
2015-04-21,1.0758,1.4944
2015-04-22,1.0729,1.5027
2015-04-23,1.0803,1.5047
2015-04-24,1.0876,1.5176
2015-04-27,1.0892,1.5235
2015-04-28,1.0979,1.5328
2015-04-29,1.1174,1.5485
2015-04-30,1.1162,1.5328
2015-05-01,1.1194,1.5137
2015-05-04,1.1145,1.5118
2015-05-05,1.1174,1.5178
2015-05-06,1.1345,1.5244
2015-05-07,1.1283,1.5223
2015-05-08,1.1241,1.5455
2015-05-11,1.1142,1.5593
2015-05-12,1.124,1.5685
2015-05-13,1.1372,1.5748
2015-05-14,1.1368,1.5766
2015-05-15,1.1428,1.5772
2015-05-18,1.1354,1.5679
2015-05-19,1.1151,1.5523
2015-05-20,1.1079,1.5544
2015-05-21,1.1126,1.5672
2015-05-22,1.1033,1.5484
2015-05-25,,
2015-05-26,1.0876,1.5398
2015-05-27,1.0888,1.5324
2015-05-28,1.0914,1.5291
2015-05-29,1.0994,1.5286
2015-06-01,1.0913,1.5187
2015-06-02,1.113,1.5331
2015-06-03,1.1285,1.5351
2015-06-04,1.1271,1.5367
2015-06-05,1.1108,1.5267
2015-06-08,1.1232,1.528
2015-06-09,1.1284,1.5383
2015-06-10,1.1307,1.553
2015-06-11,1.1236,1.5493
2015-06-12,1.1278,1.5587
2015-06-15,1.1266,1.5572
2015-06-16,1.1238,1.5637
2015-06-17,1.1244,1.5708
2015-06-18,1.1404,1.5882
2015-06-19,1.1335,1.5881
2015-06-22,1.1378,1.5823
2015-06-23,1.119,1.5751
2015-06-24,1.1178,1.5681
2015-06-25,1.1196,1.5728
2015-06-26,1.1156,1.5739
2015-06-29,1.118,1.5764
2015-06-30,1.1154,1.5727
2015-07-01,1.1084,1.5617
2015-07-02,1.109,1.5614
2015-07-03,,
2015-07-06,1.1076,1.5619
2015-07-07,1.0952,1.5443
2015-07-08,1.1072,1.5353
2015-07-09,1.1025,1.5375
2015-07-10,1.115,1.5503
2015-07-13,1.102,1.5518
2015-07-14,1.1015,1.5584
2015-07-15,1.0965,1.5621
2015-07-16,1.0898,1.5601
2015-07-17,1.0848,1.5624
2015-07-20,1.085,1.5587
2015-07-21,1.0927,1.555
2015-07-22,1.0884,1.5617
2015-07-23,1.0976,1.5533
2015-07-24,1.0976,1.5514
2015-07-27,1.1112,1.5595
2015-07-28,1.1055,1.5617
2015-07-29,1.1026,1.5624
2015-07-30,1.0914,1.5581
2015-07-31,1.1028,1.5634
2015-08-03,1.0962,1.5603
2015-08-04,1.0953,1.5612
2015-08-05,1.0868,1.5604
2015-08-06,1.0922,1.5521
2015-08-07,1.0958,1.5467
2015-08-10,1.0994,1.5546
2015-08-11,1.1042,1.5572
2015-08-12,1.1198,1.5639
2015-08-13,1.1144,1.5595
2015-08-14,1.111,1.5625
2015-08-17,1.1078,1.5598
2015-08-18,1.1028,1.5658
2015-08-19,1.1061,1.5645
2015-08-20,1.12,1.5688
2015-08-21,1.1356,1.5698
2015-08-24,1.158,1.5731
2015-08-25,1.141,1.5698
2015-08-26,1.139,1.5493
2015-08-27,1.1239,1.5411
2015-08-28,1.1172,1.5362
2015-08-31,1.1194,1.5363
2015-09-01,1.1263,1.5341
2015-09-02,1.1242,1.531
2015-09-03,1.1104,1.5254
2015-09-04,1.1117,1.5195
2015-09-07,,
2015-09-08,1.1182,1.5381
2015-09-09,1.1165,1.5363
2015-09-10,1.1262,1.5457
2015-09-11,1.1338,1.5426
2015-09-14,1.1307,1.5423
2015-09-15,1.126,1.5352
2015-09-16,1.1304,1.5499
2015-09-17,1.1312,1.5509
2015-09-18,1.1358,1.5573
2015-09-21,1.1204,1.5506
2015-09-22,1.1133,1.5356
2015-09-23,1.116,1.5243
2015-09-24,1.1252,1.5254
2015-09-25,1.1192,1.5172
2015-09-28,1.1236,1.5208
2015-09-29,1.1246,1.5168
2015-09-30,1.1162,1.5116
2015-10-01,1.12,1.5162
2015-10-02,1.1276,1.5216
2015-10-05,1.12,1.5165
2015-10-06,1.1266,1.5227
2015-10-07,1.1249,1.5315
2015-10-08,1.1282,1.5316
2015-10-09,1.1363,1.5315
2015-10-12,,
2015-10-13,1.1382,1.5242
2015-10-14,1.1437,1.5445
2015-10-15,1.1418,1.5475
2015-10-16,1.136,1.5441
2015-10-19,1.132,1.5471
2015-10-20,1.1359,1.547
2015-10-21,1.1345,1.5463
2015-10-22,1.114,1.5399
2015-10-23,1.1016,1.534
2015-10-26,1.1051,1.5361
2015-10-27,1.1052,1.5312
2015-10-28,1.1066,1.5319
2015-10-29,1.0963,1.5296
2015-10-30,1.1042,1.5445
2015-11-02,1.1026,1.5428
2015-11-03,1.0946,1.5404
2015-11-04,1.0861,1.5377
2015-11-05,1.0869,1.5236
2015-11-06,1.0746,1.5071
2015-11-09,1.0767,1.5124
2015-11-10,1.0686,1.511
2015-11-11,,
2015-11-12,1.0768,1.5206
2015-11-13,1.0722,1.5208
2015-11-16,1.0708,1.5204
2015-11-17,1.0634,1.5214
2015-11-18,1.0638,1.521
2015-11-19,1.0746,1.5327
2015-11-20,1.066,1.5199
2015-11-23,1.0602,1.5125
2015-11-24,1.0652,1.5057
2015-11-25,1.0616,1.5109
2015-11-26,,
2015-11-27,1.0596,1.504
2015-11-30,1.0562,1.5044
2015-12-01,1.062,1.5074
2015-12-02,1.0573,1.4927
2015-12-03,1.0902,1.5088
2015-12-04,1.0884,1.51
2015-12-07,1.084,1.5076
2015-12-08,1.0876,1.5
2015-12-09,1.0984,1.5168
2015-12-10,1.0948,1.5176
2015-12-11,1.1002,1.5213
2015-12-14,1.1025,1.513
2015-12-15,1.0911,1.5044
2015-12-16,1.0937,1.5013
2015-12-17,1.0804,1.4876
2015-12-18,1.0847,1.4914
2015-12-21,1.092,1.4906
2015-12-22,1.0978,1.4811
2015-12-23,1.0875,1.4863
2015-12-24,1.0955,1.4943
2015-12-25,,
2015-12-28,1.0983,1.4883
2015-12-29,1.0916,1.4794
2015-12-30,1.0912,1.4832
2015-12-31,1.0859,1.4746
2016-01-01,,
2016-01-04,1.0803,1.4686
2016-01-05,1.0743,1.4664
2016-01-06,1.0762,1.4626
2016-01-07,1.086,1.4579
2016-01-08,1.0885,1.4523
2016-01-11,1.0878,1.4564
2016-01-12,1.0837,1.4403
2016-01-13,1.0862,1.447
2016-01-14,1.0862,1.4409
2016-01-15,1.0964,1.4289
2016-01-18,,
2016-01-19,1.0906,1.4171
2016-01-20,1.0908,1.4167
2016-01-21,1.0833,1.4198
2016-01-22,1.0814,1.4308
2016-01-25,1.0832,1.4245
2016-01-26,1.0846,1.4342
2016-01-27,1.0867,1.4261
2016-01-28,1.0952,1.4351
2016-01-29,1.0832,1.4184
2016-02-01,1.0888,1.4367
2016-02-02,1.0908,1.4399
2016-02-03,1.1051,1.4576
2016-02-04,1.1199,1.458
2016-02-05,1.1131,1.4468
2016-02-08,1.117,1.4415
2016-02-09,1.13,1.4473
2016-02-10,1.1222,1.4473
2016-02-11,1.1362,1.4448
2016-02-12,1.1235,1.446
2016-02-15,,
2016-02-16,1.114,1.429
2016-02-17,1.114,1.4317
2016-02-18,1.1092,1.4333
2016-02-19,1.1127,1.4343
2016-02-22,1.1018,1.4157
2016-02-23,1.1016,1.404
2016-02-24,1.1021,1.3932
2016-02-25,1.1026,1.3937
2016-02-26,1.0932,1.3867
2016-02-29,1.0868,1.3926
2016-03-01,1.0847,1.3948
2016-03-02,1.0845,1.4059
2016-03-03,1.0948,1.4152
2016-03-04,1.101,1.4226
2016-03-07,1.1004,1.4256
2016-03-08,1.1028,1.4225
2016-03-09,1.1022,1.4236
2016-03-10,1.1162,1.4306
2016-03-11,1.118,1.4426
2016-03-14,1.1107,1.4324
2016-03-15,1.1112,1.4166
2016-03-16,1.1075,1.41
2016-03-17,1.1316,1.449
2016-03-18,1.1292,1.4514
2016-03-21,1.126,1.4402
2016-03-22,1.1228,1.4217
2016-03-23,1.1174,1.4111
2016-03-24,1.1163,1.4143
2016-03-25,1.1164,1.4131
2016-03-28,1.121,1.425
2016-03-29,1.1204,1.4281
2016-03-30,1.133,1.439
2016-03-31,1.139,1.4381
2016-04-01,1.1385,1.4204
2016-04-04,1.1386,1.4279
2016-04-05,1.1374,1.4149
2016-04-06,1.143,1.4162
2016-04-07,1.1386,1.4082
2016-04-08,1.1406,1.4105
2016-04-11,1.1412,1.424
2016-04-12,1.1395,1.4244
2016-04-13,1.1281,1.4223
2016-04-14,1.1262,1.4148
2016-04-15,1.1295,1.4217
2016-04-18,1.1322,1.4276
2016-04-19,1.1375,1.4396
2016-04-20,1.133,1.4375
2016-04-21,1.1301,1.4338
2016-04-22,1.1239,1.439
2016-04-25,1.1274,1.4492
2016-04-26,1.1318,1.4611
2016-04-27,1.1322,1.4554
2016-04-28,1.1325,1.4581
2016-04-29,1.1441,1.4625
2016-05-02,1.1516,1.4666
2016-05-03,1.1508,1.4543
2016-05-04,1.1486,1.4475
2016-05-05,1.1404,1.4486
2016-05-06,1.1421,1.4439
2016-05-09,1.1402,1.4409
2016-05-10,1.1386,1.4454
2016-05-11,1.1444,1.448
2016-05-12,1.138,1.4452
2016-05-13,1.1294,1.4369
2016-05-16,1.1328,1.4411
2016-05-17,1.1337,1.4485
2016-05-18,1.1276,1.4615
2016-05-19,1.1214,1.4608
2016-05-20,1.1207,1.4513
2016-05-23,1.1192,1.4444
2016-05-24,1.1145,1.4623
2016-05-25,1.1154,1.4694
2016-05-26,1.1184,1.4673
2016-05-27,1.114,1.4644
2016-05-30,,
2016-05-31,1.1135,1.453
2016-06-01,1.1165,1.4395
2016-06-02,1.1157,1.4419
2016-06-03,1.133,1.4521
2016-06-06,1.1354,1.445
2016-06-07,1.135,1.4564
2016-06-08,1.14,1.4546
2016-06-09,1.1329,1.4467
2016-06-10,1.1281,1.4342
2016-06-13,1.1282,1.4223
2016-06-14,1.1206,1.413
2016-06-15,1.1239,1.4185
2016-06-16,1.1158,1.4075
2016-06-17,1.1256,1.4285
2016-06-20,1.1318,1.4688
2016-06-21,1.1262,1.4668
2016-06-22,1.1286,1.4682
2016-06-23,1.1373,1.48
2016-06-24,1.1126,1.3639
2016-06-27,1.1024,1.3217
2016-06-28,1.1054,1.3294
2016-06-29,1.1117,1.351
2016-06-30,1.1032,1.3242
2016-07-01,1.1145,1.3281
2016-07-04,,
2016-07-05,1.108,1.3021
2016-07-06,1.1077,1.2921
2016-07-07,1.1065,1.2926
2016-07-08,1.1038,1.2938
2016-07-11,1.1045,1.2986
2016-07-12,1.1074,1.3237
2016-07-13,1.1112,1.318
2016-07-14,1.1109,1.3332
2016-07-15,1.1059,1.3194
2016-07-18,1.1076,1.3279
2016-07-19,1.1014,1.3123
2016-07-20,1.1007,1.3179
2016-07-21,1.1016,1.3216
2016-07-22,1.0968,1.3091
2016-07-25,1.098,1.313
2016-07-26,1.0984,1.3133
2016-07-27,1.0988,1.3094
2016-07-28,1.1094,1.3151
2016-07-29,1.1168,1.327
2016-08-01,1.1176,1.3209
2016-08-02,1.1225,1.3326
2016-08-03,1.117,1.3335
2016-08-04,1.1134,1.3143
2016-08-05,1.108,1.3069
2016-08-08,1.1078,1.3042
2016-08-09,1.111,1.301
2016-08-10,1.1171,1.2998
2016-08-11,1.1168,1.296
2016-08-12,1.1172,1.2934
2016-08-15,1.1199,1.2874
2016-08-16,1.1277,1.3019
2016-08-17,1.1263,1.3012
2016-08-18,1.1334,1.3147
2016-08-19,1.1326,1.3061
2016-08-22,1.1314,1.3133
2016-08-23,1.1308,1.3179
2016-08-24,1.1256,1.3236
2016-08-25,1.1274,1.3177
2016-08-26,1.1237,1.3168
2016-08-29,1.1182,1.3089
2016-08-30,1.115,1.3084
2016-08-31,1.1146,1.3129
2016-09-01,1.1194,1.3273
2016-09-02,1.1158,1.3299
2016-09-05,,
2016-09-06,1.1237,1.3429
2016-09-07,1.1238,1.3339
2016-09-08,1.1256,1.3301
2016-09-09,1.1214,1.3257
2016-09-12,1.123,1.3313
2016-09-13,1.1242,1.3184
2016-09-14,1.1271,1.3204
2016-09-15,1.1246,1.3215
2016-09-16,1.116,1.309
2016-09-19,1.1179,1.3051
2016-09-20,1.1172,1.2974
2016-09-21,1.1165,1.2978
2016-09-22,1.1229,1.3092
2016-09-23,1.1223,1.2959
2016-09-26,1.127,1.2978
2016-09-27,1.1208,1.3005
2016-09-28,1.12,1.2996
2016-09-29,1.1244,1.2991
2016-09-30,1.1238,1.3015
2016-10-03,1.121,1.284
2016-10-04,1.1212,1.2746
2016-10-05,1.1196,1.2745
2016-10-06,1.1158,1.2647
2016-10-07,1.1156,1.2434
2016-10-10,,
2016-10-11,1.1062,1.2218
2016-10-12,1.1014,1.2195
2016-10-13,1.1038,1.2201
2016-10-14,1.0985,1.2189
2016-10-17,1.1,1.2186
2016-10-18,1.0997,1.231
2016-10-19,1.0966,1.2279
2016-10-20,1.0934,1.2256
2016-10-21,1.0866,1.221
2016-10-24,1.0888,1.2204
2016-10-25,1.089,1.2164
2016-10-26,1.0916,1.2234
2016-10-27,1.0904,1.2173
2016-10-28,1.0934,1.2155
2016-10-31,1.0962,1.2212
2016-11-01,1.1042,1.2218
2016-11-02,1.1119,1.2315
2016-11-03,1.1094,1.2454
2016-11-04,1.1121,1.2546
2016-11-07,1.1038,1.2403
2016-11-08,1.1034,1.2372
2016-11-09,1.0952,1.2474
2016-11-10,1.0882,1.2523
2016-11-11,,
2016-11-14,1.0723,1.2469
2016-11-15,1.0726,1.2422
2016-11-16,1.0699,1.245
2016-11-17,1.0656,1.245
2016-11-18,1.06,1.2327
2016-11-21,1.0597,1.2474
2016-11-22,1.0618,1.2424
2016-11-23,1.056,1.2458
2016-11-24,,
2016-11-25,1.0595,1.2462
2016-11-28,1.0576,1.2411
2016-11-29,1.0626,1.2505
2016-11-30,1.0578,1.2481
2016-12-01,1.0634,1.2596
2016-12-02,1.0666,1.2685
2016-12-05,1.0723,1.2708
2016-12-06,1.0717,1.2706
2016-12-07,1.0758,1.2604
2016-12-08,1.0625,1.2574
2016-12-09,1.0541,1.259
2016-12-12,1.0606,1.2677
2016-12-13,1.0635,1.2685
2016-12-14,1.0656,1.2706
2016-12-15,1.0375,1.2389
2016-12-16,1.0456,1.2478
2016-12-19,1.0444,1.2419
2016-12-20,1.039,1.2358
2016-12-21,1.0425,1.2348
2016-12-22,1.0452,1.2301
2016-12-23,1.0449,1.2252
2016-12-26,,
2016-12-27,1.0458,1.2261
2016-12-28,1.0389,1.2222
2016-12-29,1.0486,1.2237
2016-12-30,1.0552,1.2337
2017-01-02,,
2017-01-03,1.0416,1.2256
2017-01-04,1.0476,1.2299
2017-01-05,1.0598,1.2415
2017-01-06,1.056,1.2314
2017-01-09,1.0576,1.2167
2017-01-10,1.0572,1.2165
2017-01-11,1.0501,1.2118
2017-01-12,1.0666,1.2211
2017-01-13,1.0625,1.2198
2017-01-16,,
2017-01-17,1.0695,1.2388
2017-01-18,1.0682,1.2309
2017-01-19,1.063,1.2319
2017-01-20,,
2017-01-23,1.074,1.2485
2017-01-24,1.0749,1.2531
2017-01-25,1.0743,1.262
2017-01-26,1.067,1.2579
2017-01-27,1.069,1.2531
2017-01-30,1.0681,1.2478
2017-01-31,1.0794,1.2585
2017-02-01,1.0758,1.2643
2017-02-02,1.0802,1.2541
2017-02-03,1.0792,1.2504
2017-02-06,1.0731,1.245
2017-02-07,1.069,1.2486
2017-02-08,1.0708,1.2543
2017-02-09,1.0658,1.2516
2017-02-10,1.065,1.2502
2017-02-13,1.0603,1.251
2017-02-14,1.0577,1.2465
2017-02-15,1.0597,1.2465
2017-02-16,1.066,1.2477
2017-02-17,1.0614,1.2428
2017-02-20,,
2017-02-21,1.0551,1.2465
2017-02-22,1.0555,1.2456
2017-02-23,1.0586,1.2548
2017-02-24,1.058,1.2499
2017-02-27,1.0624,1.2473
2017-02-28,1.0618,1.2427
2017-03-01,1.0564,1.2318
2017-03-02,1.0514,1.2267
2017-03-03,1.0552,1.2249
2017-03-06,1.0586,1.2243
2017-03-07,1.0582,1.2209
2017-03-08,1.0547,1.2152
2017-03-09,1.0586,1.2166
2017-03-10,1.0667,1.2158
2017-03-13,1.067,1.2234
2017-03-14,1.0645,1.2168
2017-03-15,1.063,1.2222
2017-03-16,1.0738,1.237
2017-03-17,1.0742,1.2372
2017-03-20,1.0754,1.2365
2017-03-21,1.081,1.2479
2017-03-22,1.08,1.2476
2017-03-23,1.0787,1.2526
2017-03-24,1.0806,1.2491
2017-03-27,1.0882,1.2583
2017-03-28,1.0852,1.2503
2017-03-29,1.0756,1.2411
2017-03-30,1.0726,1.2489
2017-03-31,1.0698,1.2537
2017-04-03,1.0655,1.2479
2017-04-04,1.0664,1.2437
2017-04-05,1.0661,1.2488
2017-04-06,1.0651,1.2486
2017-04-07,1.0616,1.2398
2017-04-10,1.0606,1.2418
2017-04-11,1.0614,1.2484
2017-04-12,1.0611,1.25
2017-04-13,1.063,1.2522
2017-04-14,1.0625,1.2531
2017-04-17,1.066,1.2587
2017-04-18,1.0706,1.2769
2017-04-19,1.0707,1.2789
2017-04-20,1.0758,1.283
2017-04-21,1.0694,1.2783
2017-04-24,1.0846,1.2783
2017-04-25,1.0941,1.2836
2017-04-26,1.0872,1.2838
2017-04-27,1.0864,1.2889
2017-04-28,1.0895,1.2938
2017-05-01,1.0912,1.2917
2017-05-02,1.091,1.2921
2017-05-03,1.092,1.2916
2017-05-04,1.0967,1.291
2017-05-05,1.0996,1.295
2017-05-08,1.0928,1.2942
2017-05-09,1.0875,1.2939
2017-05-10,1.0873,1.2939
2017-05-11,1.0869,1.2885
2017-05-12,1.0926,1.288
2017-05-15,1.0979,1.2917
2017-05-16,1.1072,1.2912
2017-05-17,1.1134,1.2944
2017-05-18,1.113,1.3009
2017-05-19,1.119,1.3018
2017-05-22,1.1236,1.3006
2017-05-23,1.1198,1.2984
2017-05-24,1.1175,1.2935
2017-05-25,1.1218,1.2954
2017-05-26,1.117,1.2795
2017-05-29,,
2017-05-30,1.1183,1.2858
2017-05-31,1.1236,1.2905
2017-06-01,1.1214,1.2894
2017-06-02,1.127,1.2885
2017-06-05,1.125,1.2917
2017-06-06,1.1266,1.2901
2017-06-07,1.1236,1.2941
2017-06-08,1.1217,1.2939
2017-06-09,1.119,1.2737
2017-06-12,1.1204,1.2658
2017-06-13,1.1194,1.2739
2017-06-14,1.1277,1.2808
2017-06-15,1.1152,1.2768
2017-06-16,1.1194,1.2778
2017-06-19,1.116,1.2743
2017-06-20,1.1124,1.2628
2017-06-21,1.1143,1.2667
2017-06-22,1.1148,1.2659
2017-06-23,1.1196,1.2727
2017-06-26,1.1196,1.2732
2017-06-27,1.13,1.2791
2017-06-28,1.1364,1.2936
2017-06-29,1.142,1.2984
2017-06-30,1.1411,1.2995
2017-07-03,1.1367,1.2951
2017-07-04,,
2017-07-05,1.1336,1.2934
2017-07-06,1.1409,1.2967
2017-07-07,1.1396,1.288
2017-07-10,1.1396,1.2884
2017-07-11,1.143,1.2851
2017-07-12,1.1411,1.2889
2017-07-13,1.1385,1.2921
2017-07-14,1.1452,1.3079
2017-07-17,1.147,1.3058
2017-07-18,1.1578,1.3026
2017-07-19,1.1518,1.3036
2017-07-20,1.1634,1.2976
2017-07-21,1.1655,1.2968
2017-07-24,1.1642,1.3028
2017-07-25,1.1656,1.3046
2017-07-26,1.1632,1.3048
2017-07-27,1.1656,1.3065
2017-07-28,1.1754,1.3124
2017-07-31,1.1826,1.3196
2017-08-01,1.1799,1.3206
2017-08-02,1.1861,1.3236
2017-08-03,1.188,1.3144
2017-08-04,1.1754,1.3036
2017-08-07,1.1788,1.3021
2017-08-08,1.1724,1.2968
2017-08-09,1.1748,1.2997
2017-08-10,1.1751,1.2978
2017-08-11,1.1811,1.2988
2017-08-14,1.1786,1.2975
2017-08-15,1.1736,1.2862
2017-08-16,1.1703,1.286
2017-08-17,1.1736,1.2888
2017-08-18,1.1748,1.2847
2017-08-21,1.1814,1.2903
2017-08-22,1.1762,1.2834
2017-08-23,1.1802,1.2787
2017-08-24,1.1801,1.2802
2017-08-25,1.1874,1.2873
2017-08-28,1.1973,1.2927
2017-08-29,1.2025,1.2937
2017-08-30,1.1927,1.2934
2017-08-31,1.1894,1.2888
2017-09-01,1.1878,1.2972
2017-09-04,,
2017-09-05,1.1911,1.3013
2017-09-06,1.1943,1.3073
2017-09-07,1.2028,1.3094
2017-09-08,1.2041,1.3211
2017-09-11,1.1964,1.3173
2017-09-12,1.1968,1.328
2017-09-13,1.1898,1.3218
2017-09-14,1.1886,1.3398
2017-09-15,1.1959,1.3578
2017-09-18,1.1938,1.3485
2017-09-19,1.198,1.3517
2017-09-20,1.1998,1.3564
2017-09-21,1.1946,1.3576
2017-09-22,1.1969,1.3531
2017-09-25,1.1852,1.3457
2017-09-26,1.1772,1.3422
2017-09-27,1.1747,1.3401
2017-09-28,1.1776,1.3435
2017-09-29,1.1813,1.3402
2017-10-02,1.1745,1.3268
2017-10-03,1.1759,1.3251
2017-10-04,1.176,1.3268
2017-10-05,1.1706,1.3132
2017-10-06,1.1732,1.3063
2017-10-09,,
2017-10-10,1.1804,1.3215
2017-10-11,1.1847,1.321
2017-10-12,1.184,1.3174
2017-10-13,1.1837,1.3304
2017-10-16,1.181,1.3285
2017-10-17,1.1754,1.3182
2017-10-18,1.1775,1.3183
2017-10-19,1.1842,1.3181
2017-10-20,1.177,1.3179
2017-10-23,1.1762,1.3201
2017-10-24,1.1766,1.3124
2017-10-25,1.1802,1.3252
2017-10-26,1.17,1.3181
2017-10-27,1.158,1.3108
2017-10-30,1.1626,1.3195
2017-10-31,1.1648,1.3281
2017-11-01,1.1618,1.3257
2017-11-02,1.1672,1.3068
2017-11-03,1.1616,1.3067
2017-11-06,1.16,1.3145
2017-11-07,1.1577,1.3152
2017-11-08,1.1591,1.3108
2017-11-09,1.1648,1.3133
2017-11-10,,
2017-11-13,1.1656,1.3101
2017-11-14,1.1764,1.3128
2017-11-15,1.1794,1.3165
2017-11-16,1.1772,1.3197
2017-11-17,1.1799,1.3222
2017-11-20,1.1741,1.3241
2017-11-21,1.1741,1.3232
2017-11-22,1.1789,1.3291
2017-11-23,,
2017-11-24,1.1936,1.3336
2017-11-27,1.1911,1.3333
2017-11-28,1.1878,1.3231
2017-11-29,1.1858,1.3436
2017-11-30,1.1898,1.3506
2017-12-01,1.191,1.3505
2017-12-04,1.1848,1.3465
2017-12-05,1.182,1.345
2017-12-06,1.1788,1.3382
2017-12-07,1.179,1.3432
2017-12-08,1.1761,1.3367
2017-12-11,1.1802,1.3363
2017-12-12,1.1725,1.3323
2017-12-13,1.1762,1.3365
2017-12-14,1.1778,1.344
2017-12-15,1.1778,1.3316
2017-12-18,1.1804,1.3398
2017-12-19,1.1822,1.3356
2017-12-20,1.1881,1.3408
2017-12-21,1.1872,1.3372
2017-12-22,1.1839,1.3379
2017-12-25,,
2017-12-26,1.1867,1.3369
2017-12-27,1.1902,1.3403
2017-12-28,1.1952,1.345
2017-12-29,1.2022,1.3529
2018-01-01,,
2018-01-02,1.205,1.3596
2018-01-03,1.203,1.3522
2018-01-04,1.2064,1.3539
2018-01-05,1.2039,1.3562
2018-01-08,1.1973,1.3566
2018-01-09,1.1922,1.3518
2018-01-10,1.1958,1.3513
2018-01-11,1.2035,1.3543
2018-01-12,1.213,1.3689
2018-01-15,,
2018-01-16,1.2244,1.3774
2018-01-17,1.2229,1.3824
2018-01-18,1.2238,1.3889
2018-01-19,1.2238,1.3857
2018-01-22,1.223,1.3944
2018-01-23,1.2277,1.3968
2018-01-24,1.239,1.4198
2018-01-25,1.2488,1.4264
2018-01-26,1.2422,1.4179
2018-01-29,1.2352,1.4042
2018-01-30,1.239,1.4124
2018-01-31,1.2428,1.419
2018-02-01,1.2482,1.4247
2018-02-02,1.2446,1.4126
2018-02-05,1.2418,1.4022
2018-02-06,1.2381,1.3951
2018-02-07,1.2281,1.3881
2018-02-08,1.2238,1.3915
2018-02-09,1.2226,1.3794
2018-02-12,1.2267,1.382
2018-02-13,1.2363,1.3892
2018-02-14,1.2396,1.3955
2018-02-15,1.2482,1.4061
2018-02-16,1.2442,1.4055
2018-02-19,,
2018-02-20,1.2348,1.4021
2018-02-21,1.2314,1.3946
2018-02-22,1.2326,1.3939
2018-02-23,1.2298,1.3979
2018-02-26,1.2296,1.3952
2018-02-27,1.2239,1.3906
2018-02-28,1.2211,1.3794
2018-03-01,1.2216,1.3755
2018-03-02,1.2314,1.3769
2018-03-05,1.233,1.3856
2018-03-06,1.2415,1.3886
2018-03-07,1.2397,1.3888
2018-03-08,1.2314,1.3824
2018-03-09,1.2326,1.3863
2018-03-12,1.2318,1.3898
2018-03-13,1.2398,1.3987
2018-03-14,1.2362,1.3946
2018-03-15,1.2321,1.3951
2018-03-16,1.228,1.3919
2018-03-19,1.2329,1.4032
2018-03-20,1.2271,1.4013
2018-03-21,1.2268,1.4064
2018-03-22,1.231,1.4098
2018-03-23,1.236,1.4151
2018-03-26,1.244,1.4236
2018-03-27,1.241,1.4161
2018-03-28,1.2351,1.411
2018-03-29,1.2297,1.4029
2018-03-30,1.232,1.4027
2018-04-02,1.2288,1.4032
2018-04-03,1.2261,1.4068
2018-04-04,1.2292,1.4076
2018-04-05,1.223,1.3991
2018-04-06,1.2274,1.4088
2018-04-09,1.232,1.4136
2018-04-10,1.2338,1.4161
2018-04-11,1.2384,1.4194
2018-04-12,1.232,1.4244
2018-04-13,1.2322,1.4255
2018-04-16,1.2373,1.4332
2018-04-17,1.2345,1.4301
2018-04-18,1.238,1.4227
2018-04-19,1.2336,1.4193
2018-04-20,1.2282,1.4033
2018-04-23,1.2216,1.3953
2018-04-24,1.2226,1.3975
2018-04-25,1.2178,1.3941
2018-04-26,1.2113,1.3927
2018-04-27,1.2108,1.3785
2018-04-30,1.2074,1.3751
2018-05-01,1.2,1.3611
2018-05-02,1.1968,1.361
2018-05-03,1.197,1.3569
2018-05-04,1.1946,1.3535
2018-05-07,1.1927,1.3567
2018-05-08,1.1863,1.3521
2018-05-09,1.1852,1.3567
2018-05-10,1.1896,1.3487
2018-05-11,1.1951,1.3549
2018-05-14,1.1976,1.3595
2018-05-15,1.1864,1.3512
2018-05-16,1.1788,1.3478
2018-05-17,1.1798,1.3507
2018-05-18,1.1775,1.3476
2018-05-21,1.1768,1.3418
2018-05-22,1.1783,1.3445
2018-05-23,1.1693,1.3341
2018-05-24,1.1729,1.3384
2018-05-25,1.1666,1.3321
2018-05-28,,
2018-05-29,1.1551,1.3258
2018-05-30,1.1664,1.3296
2018-05-31,1.167,1.3289
2018-06-01,1.1679,1.3358
2018-06-04,1.1696,1.3314
2018-06-05,1.1672,1.336
2018-06-06,1.1778,1.3429
2018-06-07,1.1815,1.3427
2018-06-08,1.1773,1.3406
2018-06-11,1.1802,1.3386
2018-06-12,1.1792,1.3416
2018-06-13,1.1784,1.3378
2018-06-14,1.1634,1.3333
2018-06-15,1.1616,1.3283
2018-06-18,1.1606,1.3247
2018-06-19,1.1577,1.3172
2018-06-20,1.1592,1.3213
2018-06-21,1.16,1.3251
2018-06-22,1.163,1.3258
2018-06-25,1.1694,1.3273
2018-06-26,1.1675,1.3243
2018-06-27,1.1588,1.3139
2018-06-28,1.1582,1.3095
2018-06-29,1.1677,1.3197
2018-07-02,1.1604,1.3133
2018-07-03,1.1653,1.3174
2018-07-04,,
2018-07-05,1.1697,1.3228
2018-07-06,1.1738,1.3262
2018-07-09,1.1744,1.3202
2018-07-10,1.1728,1.3266
2018-07-11,1.1722,1.3241
2018-07-12,1.1692,1.3238
2018-07-13,1.1667,1.3216
2018-07-16,1.171,1.3236
2018-07-17,1.1664,1.3161
2018-07-18,1.1645,1.305
2018-07-19,1.1604,1.2987
2018-07-20,1.1708,1.3114
2018-07-23,1.1702,1.3105
2018-07-24,1.1684,1.3135
2018-07-25,1.1677,1.315
2018-07-26,1.1654,1.3119
2018-07-27,1.166,1.3118
2018-07-30,1.1718,1.314
2018-07-31,1.1706,1.3125
2018-08-01,1.1666,1.312
2018-08-02,1.1612,1.3035
2018-08-03,1.1597,1.3021
2018-08-06,1.1564,1.2947
2018-08-07,1.1597,1.2957
2018-08-08,1.1598,1.288
2018-08-09,1.1566,1.287
2018-08-10,1.1399,1.2769
2018-08-13,1.1396,1.2757
2018-08-14,1.1351,1.2738
2018-08-15,1.1332,1.2685
2018-08-16,1.1388,1.2722
2018-08-17,1.141,1.2735
2018-08-20,1.1438,1.2765
2018-08-21,1.1534,1.286
2018-08-22,1.1595,1.291
2018-08-23,1.1567,1.283
2018-08-24,1.1625,1.2858
2018-08-27,1.1676,1.2891
2018-08-28,1.172,1.2886
2018-08-29,1.1699,1.3006
2018-08-30,1.1646,1.2997
2018-08-31,1.1596,1.2964
2018-09-03,,
2018-09-04,1.1566,1.2833
2018-09-05,1.162,1.2903
2018-09-06,1.1624,1.2933
2018-09-07,1.1572,1.2934
2018-09-10,1.1604,1.3026
2018-09-11,1.1591,1.3015
2018-09-12,1.1626,1.3029
2018-09-13,1.1672,1.3104
2018-09-14,1.1656,1.3084
2018-09-17,1.1687,1.3146
2018-09-18,1.1693,1.3158
2018-09-19,1.1685,1.3162
2018-09-20,1.1744,1.3237
2018-09-21,1.1739,1.3067
2018-09-24,1.1773,1.3128
2018-09-25,1.177,1.3162
2018-09-26,1.1758,1.3182
2018-09-27,1.167,1.3104
2018-09-28,1.1622,1.3053
2018-10-01,1.1567,1.3032
2018-10-02,1.156,1.2984
2018-10-03,1.1525,1.2993
2018-10-04,1.1508,1.3014
2018-10-05,1.1502,1.3101
2018-10-08,,
2018-10-09,1.1482,1.3139
2018-10-10,1.1541,1.3206
2018-10-11,1.1565,1.3193
2018-10-12,1.1559,1.3154
2018-10-15,1.1594,1.3168
2018-10-16,1.1593,1.321
2018-10-17,1.154,1.3137
2018-10-18,1.1494,1.3061
2018-10-19,1.1513,1.3045
2018-10-22,1.1467,1.2974
2018-10-23,1.148,1.2982
2018-10-24,1.1389,1.2898
2018-10-25,1.1374,1.2827
2018-10-26,1.1388,1.2826
2018-10-29,1.139,1.2807
2018-10-30,1.1364,1.2731
2018-10-31,1.1332,1.2779
2018-11-01,1.1396,1.2974
2018-11-02,1.1378,1.2965
2018-11-05,1.1394,1.302
2018-11-06,1.1412,1.3076
2018-11-07,1.1459,1.3144
2018-11-08,1.1416,1.3116
2018-11-09,1.1325,1.2978
2018-11-12,,
2018-11-13,1.1288,1.3031
2018-11-14,1.1312,1.3011
2018-11-15,1.1324,1.2749
2018-11-16,1.1402,1.2839
2018-11-19,1.1448,1.2842
2018-11-20,1.1391,1.2809
2018-11-21,1.1393,1.2776
2018-11-22,,
2018-11-23,1.1332,1.2804
2018-11-26,1.1336,1.2809
2018-11-27,1.1281,1.2729
2018-11-28,1.1286,1.2766
2018-11-29,1.1382,1.2789
2018-11-30,1.1323,1.2772
2018-12-03,1.1356,1.2742
2018-12-04,1.1345,1.2719
2018-12-05,,
2018-12-06,1.1374,1.2777
2018-12-07,1.139,1.2749
2018-12-10,1.1368,1.2558
2018-12-11,1.1314,1.2524
2018-12-12,1.1362,1.2658
2018-12-13,1.1358,1.2635
2018-12-14,1.13,1.257
2018-12-17,1.1339,1.2606
2018-12-18,1.1364,1.2644
2018-12-19,1.1422,1.2669
2018-12-20,1.1432,1.265
2018-12-21,1.1402,1.2681
2018-12-24,,
2018-12-25,,
2018-12-26,1.1408,1.2676
2018-12-27,1.1412,1.2627
2018-12-28,1.1445,1.2699
2018-12-31,1.1456,1.2763
2019-01-01,,
2019-01-02,1.1357,1.2598
2019-01-03,1.1399,1.2633
2019-01-04,1.141,1.274
2019-01-07,1.1468,1.2757
2019-01-08,1.1444,1.2724
2019-01-09,1.1524,1.2764
2019-01-10,1.1517,1.2768
2019-01-11,1.1479,1.2836
2019-01-14,,
2019-01-15,1.1392,1.2761
2019-01-16,1.1408,1.2862
2019-01-17,1.1386,1.294
2019-01-18,1.1362,1.2898
2019-01-21,,
2019-01-22,1.1359,1.2955
2019-01-23,1.139,1.3074
2019-01-24,1.1322,1.3027
2019-01-25,1.1407,1.3176
2019-01-28,1.1438,1.3158
2019-01-29,1.1424,1.3146
2019-01-30,1.1418,1.3062
2019-01-31,1.1454,1.3135
2019-02-01,1.1474,1.3094
2019-02-04,1.1438,1.3068
2019-02-05,1.1406,1.2947
2019-02-06,1.138,1.2956
2019-02-07,1.1357,1.2966
2019-02-08,1.1326,1.2933
2019-02-11,1.1277,1.2862
2019-02-12,1.1316,1.2887
2019-02-13,1.1288,1.2865
2019-02-14,1.1284,1.2793
2019-02-15,1.1268,1.2857
2019-02-18,,
2019-02-19,1.1328,1.3036
2019-02-20,,
2019-02-21,1.1338,1.306
2019-02-22,1.1342,1.3067
2019-02-25,1.1345,1.3059
2019-02-26,1.1374,1.3252
2019-02-27,1.137,1.3318
2019-02-28,1.1379,1.3274
2019-03-01,1.1376,1.3222
2019-03-04,1.1328,1.3186
2019-03-05,1.13,1.3141
2019-03-06,1.132,1.3148
2019-03-07,1.1214,1.3107
2019-03-08,1.1243,1.301
2019-03-11,1.1226,1.3095
2019-03-12,1.1276,1.3101
2019-03-13,1.131,1.323
2019-03-14,1.1304,1.3281
2019-03-15,1.1326,1.3278
2019-03-18,1.1337,1.3223
2019-03-19,1.1346,1.3263
2019-03-20,1.1352,1.3191
2019-03-21,1.1361,1.3073
2019-03-22,1.1282,1.3219
2019-03-25,1.1324,1.3203
2019-03-26,1.128,1.3215
2019-03-27,1.125,1.3192
2019-03-28,1.1236,1.3088
2019-03-29,1.1228,1.3032
2019-04-01,1.121,1.3144
2019-04-02,1.1186,1.3035
2019-04-03,1.1242,1.3181
2019-04-04,1.1216,1.3072
2019-04-05,1.1217,1.301
2019-04-08,1.1262,1.3048
2019-04-09,1.1278,1.3048
2019-04-10,1.1266,1.31
2019-04-11,1.1262,1.3068
2019-04-12,1.1304,1.3086
2019-04-15,1.1304,1.3105
2019-04-16,1.1293,1.3049
2019-04-17,1.1297,1.3036
2019-04-18,1.1241,1.3003
2019-04-19,1.1246,1.3003
2019-04-22,1.1258,1.2983
2019-04-23,1.1213,1.2943
2019-04-24,1.1192,1.2947
2019-04-25,1.114,1.2901
2019-04-26,1.1154,1.293
2019-04-29,1.1166,1.2924
2019-04-30,1.1201,1.303
2019-05-01,1.1246,1.3091
2019-05-02,1.1184,1.3032
2019-05-03,1.1186,1.3139
2019-05-06,1.1197,1.3093
2019-05-07,1.1178,1.3052
2019-05-08,1.1206,1.3014
2019-05-09,1.1228,1.3013
2019-05-10,1.1241,1.3036
2019-05-13,1.1232,1.2961
2019-05-14,1.1207,1.2921
2019-05-15,1.1208,1.2878
2019-05-16,1.1178,1.2803
2019-05-17,1.1166,1.2723
2019-05-20,1.117,1.2718
2019-05-21,1.1158,1.2747
2019-05-22,1.1156,1.2674
2019-05-23,1.1172,1.2666
2019-05-24,1.1197,1.27
2019-05-27,,
2019-05-28,1.1177,1.2668
2019-05-29,1.1136,1.2631
2019-05-30,1.114,1.2619
2019-05-31,1.1149,1.262
2019-06-03,1.1206,1.2621
2019-06-04,1.1236,1.2675
2019-06-05,1.1242,1.2706
2019-06-06,1.1294,1.2713
2019-06-07,1.1324,1.274
2019-06-10,1.1311,1.2684
2019-06-11,1.1316,1.2724
2019-06-12,1.131,1.2693
2019-06-13,1.1275,1.2678
2019-06-14,1.1217,1.2601
2019-06-17,1.1235,1.2568
2019-06-18,1.1196,1.2547
2019-06-19,1.1214,1.2625
2019-06-20,1.1284,1.27
2019-06-21,1.1328,1.2703
2019-06-24,1.1393,1.2728
2019-06-25,1.1386,1.2721
2019-06-26,1.139,1.2697
2019-06-27,1.1372,1.2674
2019-06-28,1.1374,1.2704
2019-07-01,1.1307,1.2644
2019-07-02,1.1301,1.2599
2019-07-03,1.1275,1.2568
2019-07-04,,
2019-07-05,1.1216,1.2506
2019-07-08,1.1208,1.2503
2019-07-09,1.121,1.2463
2019-07-10,1.126,1.2507
2019-07-11,1.1261,1.2549
2019-07-12,1.1254,1.2553
2019-07-15,1.126,1.2523
2019-07-16,1.1212,1.2408
2019-07-17,1.1232,1.2438
2019-07-18,1.1228,1.2494
2019-07-19,1.122,1.25
2019-07-22,1.1214,1.2475
2019-07-23,1.1156,1.2449
2019-07-24,1.1141,1.2498
2019-07-25,1.1156,1.2471
2019-07-26,1.1121,1.2387
2019-07-29,1.1142,1.2236
2019-07-30,1.1148,1.2148
2019-07-31,1.113,1.222
2019-08-01,1.1062,1.2145
2019-08-02,1.1112,1.2132
2019-08-05,1.1197,1.2165
2019-08-06,1.1196,1.2149
2019-08-07,1.1236,1.2158
2019-08-08,1.121,1.2138
2019-08-09,1.1222,1.2085
2019-08-12,1.1212,1.207
2019-08-13,1.1182,1.2067
2019-08-14,1.1144,1.2068
2019-08-15,1.1106,1.2112
2019-08-16,1.1091,1.2152
2019-08-19,1.1096,1.2138
2019-08-20,1.1092,1.2153
2019-08-21,1.1098,1.2142
2019-08-22,1.1089,1.225
2019-08-23,1.1148,1.2261
2019-08-26,1.1112,1.2232
2019-08-27,1.1094,1.2288
2019-08-28,1.1084,1.2248
2019-08-29,1.1059,1.2197
2019-08-30,1.0989,1.2166
2019-09-02,,
2019-09-03,1.0968,1.2086
2019-09-04,1.1025,1.219
2019-09-05,1.1038,1.2337
2019-09-06,1.1042,1.2299
2019-09-09,1.1056,1.2368
2019-09-10,1.1042,1.2355
2019-09-11,1.1001,1.2329
2019-09-12,1.1074,1.2357
2019-09-13,1.1074,1.2462
2019-09-16,1.1006,1.2423
2019-09-17,1.1063,1.2493
2019-09-18,1.1061,1.2478
2019-09-19,1.1046,1.2481
2019-09-20,1.1004,1.2489
2019-09-23,1.0991,1.2428
2019-09-24,1.0999,1.2475
2019-09-25,1.0949,1.2363
2019-09-26,1.0938,1.2343
2019-09-27,1.0942,1.2312
2019-09-30,1.0905,1.2305
2019-10-01,1.0932,1.2242
2019-10-02,1.0951,1.2313
2019-10-03,1.0991,1.239
2019-10-04,1.0974,1.2309
2019-10-07,1.0984,1.2322
2019-10-08,1.0949,1.2206
2019-10-09,1.0978,1.2215
2019-10-10,1.1018,1.2382
2019-10-11,1.1039,1.2683
2019-10-14,,
2019-10-15,1.1036,1.2737
2019-10-16,1.1075,1.2854
2019-10-17,1.1129,1.2853
2019-10-18,1.1155,1.2904
2019-10-21,1.1145,1.2983
2019-10-22,1.1138,1.2948
2019-10-23,1.1118,1.2886
2019-10-24,1.1098,1.281
2019-10-25,1.1081,1.2833
2019-10-28,1.1094,1.286
2019-10-29,1.1117,1.2905
2019-10-30,1.1123,1.2872
2019-10-31,1.1155,1.2939
2019-11-01,1.1169,1.295
2019-11-04,1.1144,1.2906
2019-11-05,1.107,1.287
2019-11-06,1.1076,1.2872
2019-11-07,1.1045,1.2829
2019-11-08,1.1019,1.279
2019-11-11,,
2019-11-12,1.1017,1.2855
2019-11-13,1.1004,1.284
2019-11-14,1.1016,1.2879
2019-11-15,1.1046,1.2901
2019-11-18,1.1079,1.2965
2019-11-19,1.1075,1.2926
2019-11-20,1.1063,1.2918
2019-11-21,1.1067,1.2915
2019-11-22,1.1029,1.2829
2019-11-25,1.1009,1.2885
2019-11-26,1.1012,1.285
2019-11-27,1.1002,1.2881
2019-11-28,,
2019-11-29,1.1019,1.2939
2019-12-02,1.1075,1.2936
2019-12-03,1.1089,1.3002
2019-12-04,1.1076,1.3095
2019-12-05,1.1104,1.3165
2019-12-06,1.1052,1.3127
2019-12-09,1.1067,1.3157
2019-12-10,1.109,1.3178
2019-12-11,1.1092,1.3176
2019-12-12,1.1115,1.3133
2019-12-13,1.1128,1.3349
2019-12-16,1.1139,1.333
2019-12-17,1.1148,1.3116
2019-12-18,1.1113,1.3078
2019-12-19,1.1128,1.3034
2019-12-20,1.1076,1.3036
2019-12-23,1.1091,1.2917
2019-12-24,1.1084,1.2955
2019-12-25,,
2019-12-26,1.1102,1.3007
2019-12-27,1.1174,1.309
2019-12-30,1.1217,1.314
2019-12-31,1.1227,1.3269
2020-01-01,,
2020-01-02,1.1166,1.3128
2020-01-03,1.1173,1.3091
2020-01-06,1.1187,1.3163
2020-01-07,1.1138,1.3127
2020-01-08,1.1117,1.311
2020-01-09,1.1106,1.3069
2020-01-10,1.1119,1.306
2020-01-13,1.1138,1.2983
2020-01-14,1.113,1.3018
2020-01-15,1.116,1.303
2020-01-16,1.1131,1.3076
2020-01-17,1.1093,1.3029
2020-01-20,,
2020-01-21,1.1096,1.3047
2020-01-22,1.1085,1.3136
2020-01-23,1.1041,1.3104
2020-01-24,1.1026,1.3071
2020-01-27,1.1019,1.3054
2020-01-28,1.1008,1.2996
2020-01-29,1.1004,1.3012
2020-01-30,1.1032,1.3106
2020-01-31,1.1082,1.3195
2020-02-03,1.1062,1.3006
2020-02-04,1.1043,1.3029
2020-02-05,1.1006,1.3
2020-02-06,1.0979,1.2935
2020-02-07,1.095,1.2908
2020-02-10,1.0916,1.2919
2020-02-11,1.0917,1.2945
2020-02-12,1.0893,1.2978
2020-02-13,1.0848,1.3051
2020-02-14,1.0839,1.3039
2020-02-17,,
2020-02-18,1.0815,1.3017
2020-02-19,1.0794,1.2934
2020-02-20,1.0797,1.2877
2020-02-21,1.0855,1.2966
2020-02-24,1.0857,1.2923
2020-02-25,1.0868,1.3004
2020-02-26,1.0887,1.2921
2020-02-27,1.0977,1.2876
2020-02-28,1.1001,1.2778
2020-03-02,1.1164,1.2791
2020-03-03,1.1175,1.2827
2020-03-04,1.113,1.2836
2020-03-05,1.1202,1.2939
2020-03-06,1.1319,1.301
2020-03-09,1.142,1.31
2020-03-10,1.1342,1.2933
2020-03-11,1.128,1.2887
2020-03-12,1.1081,1.2541
2020-03-13,1.1066,1.2406
2020-03-16,1.1139,1.2278
2020-03-17,1.0971,1.2017
2020-03-18,1.0833,1.176
2020-03-19,1.0699,1.1662
2020-03-20,1.0682,1.1743
2020-03-23,1.076,1.1492
2020-03-24,1.0794,1.1784
2020-03-25,1.0835,1.1763
2020-03-26,1.1025,1.214
2020-03-27,1.1059,1.236
2020-03-30,1.1018,1.2392
2020-03-31,1.1016,1.2454
2020-04-01,1.0934,1.2394
2020-04-02,1.0862,1.238
2020-04-03,1.0797,1.2228
2020-04-06,1.0808,1.2298
2020-04-07,1.0886,1.2343
2020-04-08,1.0864,1.2394
2020-04-09,1.0931,1.2458
2020-04-10,1.0951,1.2485
2020-04-13,1.0906,1.2518
2020-04-14,1.0971,1.2617
2020-04-15,1.0909,1.2523
2020-04-16,1.084,1.2433
2020-04-17,1.0883,1.2503
2020-04-20,1.0874,1.2467
2020-04-21,1.0854,1.2266
2020-04-22,1.0829,1.2332
2020-04-23,1.0815,1.2369
2020-04-24,1.0798,1.2335
2020-04-27,1.0829,1.2421
2020-04-28,1.0836,1.2438
2020-04-29,1.0853,1.2429
2020-04-30,1.0934,1.2602
2020-05-01,1.0998,1.2509
2020-05-04,1.0911,1.243
2020-05-05,1.0844,1.2449
2020-05-06,1.0806,1.2347
2020-05-07,1.0815,1.2349
2020-05-08,1.0854,1.2436
2020-05-11,1.0818,1.233
2020-05-12,1.0864,1.2299
2020-05-13,1.0837,1.2225
2020-05-14,1.08,1.2194
2020-05-15,1.0816,1.2129
2020-05-18,1.0904,1.2211
2020-05-19,1.0937,1.2255
2020-05-20,1.098,1.2257
2020-05-21,1.0953,1.2227
2020-05-22,1.0894,1.2178
2020-05-25,,
2020-05-26,1.097,1.2337
2020-05-27,1.0969,1.2231
2020-05-28,1.1069,1.2325
2020-05-29,1.1107,1.232
2020-06-01,1.1123,1.2472
2020-06-02,1.1166,1.2531
2020-06-03,1.1246,1.26
2020-06-04,1.1322,1.2608
2020-06-05,1.1297,1.2703
2020-06-08,1.1293,1.2694
2020-06-09,1.1348,1.2736
2020-06-10,1.1355,1.2758
2020-06-11,1.1378,1.2635
2020-06-12,1.1253,1.2527
2020-06-15,1.127,1.2543
2020-06-16,1.1259,1.2586
2020-06-17,1.1219,1.2526
2020-06-18,1.1216,1.243
2020-06-19,1.1189,1.2362
2020-06-22,1.126,1.2447
2020-06-23,1.1322,1.2531
2020-06-24,1.1272,1.2432
2020-06-25,1.1221,1.2406
2020-06-26,1.1215,1.2337
2020-06-29,1.1237,1.2279
2020-06-30,1.1237,1.2369
2020-07-01,1.1259,1.2474
2020-07-02,1.1237,1.2469
2020-07-03,,
2020-07-06,1.1307,1.2482
2020-07-07,1.1299,1.2572
2020-07-08,1.1329,1.2593
2020-07-09,1.1298,1.2614
2020-07-10,1.1318,1.2654
2020-07-13,1.1364,1.2614
2020-07-14,1.1406,1.2546
2020-07-15,1.1406,1.2586
2020-07-16,1.1433,1.2621
2020-07-17,1.1438,1.255
2020-07-20,1.1442,1.2658
2020-07-21,1.1495,1.2736
2020-07-22,1.1587,1.2729
2020-07-23,1.1623,1.2759
2020-07-24,1.1635,1.2791
2020-07-27,1.175,1.2887
2020-07-28,1.1733,1.295
2020-07-29,1.177,1.2974
2020-07-30,1.1791,1.3035
2020-07-31,1.1822,1.3133
2020-08-03,1.175,1.3053
2020-08-04,1.1766,1.3059
2020-08-05,1.1898,1.3141
2020-08-06,1.1856,1.3147
2020-08-07,1.1776,1.3043
2020-08-10,1.1756,1.3082
2020-08-11,1.1764,1.3077
2020-08-12,1.1796,1.3047
2020-08-13,1.1818,1.3082
2020-08-14,1.1833,1.3108
2020-08-17,1.1869,1.3105
2020-08-18,1.1928,1.3228
2020-08-19,1.1898,1.3191
2020-08-20,1.1862,1.319
2020-08-21,1.1775,1.3098
2020-08-24,1.1803,1.3078
2020-08-25,1.1818,1.3136
2020-08-26,1.1813,1.3186
2020-08-27,1.1824,1.3229
2020-08-28,1.1901,1.3341
2020-08-31,1.195,1.3375
2020-09-01,1.1949,1.3416
2020-09-02,1.184,1.3315
2020-09-03,1.1832,1.3263
2020-09-04,1.182,1.323
2020-09-07,,
2020-09-08,1.1789,1.3039
2020-09-09,1.181,1.3011
2020-09-10,1.188,1.2846
2020-09-11,1.1831,1.2788
2020-09-14,1.1874,1.2876
2020-09-15,1.1846,1.2866
2020-09-16,1.1835,1.298
2020-09-17,1.1823,1.2955
2020-09-18,1.1857,1.295
2020-09-21,1.1737,1.2794
2020-09-22,1.1703,1.2726
2020-09-23,1.1677,1.275
2020-09-24,1.1666,1.2739
2020-09-25,1.1618,1.2706
2020-09-28,1.166,1.2865
2020-09-29,1.1717,1.2847
2020-09-30,1.1723,1.2921
2020-10-01,1.1752,1.2901
2020-10-02,1.1706,1.2928
2020-10-05,1.1784,1.2972
2020-10-06,1.1778,1.2945
2020-10-07,1.1766,1.2914
2020-10-08,1.1753,1.2944
2020-10-09,1.1819,1.3003
2020-10-12,,
2020-10-13,1.1737,1.2968
2020-10-14,1.1755,1.3023
2020-10-15,1.1701,1.2917
2020-10-16,1.1717,1.2931
2020-10-19,1.1788,1.2998
2020-10-20,1.1824,1.2951
2020-10-21,1.187,1.3143
2020-10-22,1.1824,1.309
2020-10-23,1.1844,1.3039
2020-10-26,1.1816,1.3021
2020-10-27,1.1834,1.3067
2020-10-28,1.1751,1.2997
2020-10-29,1.1658,1.289
2020-10-30,1.1647,1.2933
2020-11-02,1.1634,1.2904
2020-11-03,1.1724,1.305
2020-11-04,1.173,1.3021
2020-11-05,1.1809,1.3116
2020-11-06,1.1886,1.3162
2020-11-09,1.1811,1.3137
2020-11-10,1.181,1.3234
2020-11-11,,
2020-11-12,1.1814,1.3142
2020-11-13,1.1824,1.3176
2020-11-16,1.1844,1.3197
2020-11-17,1.1862,1.3247
2020-11-18,1.1869,1.3299
2020-11-19,1.1843,1.3225
2020-11-20,1.1857,1.3294
2020-11-23,1.1826,1.33
2020-11-24,1.1874,1.335
2020-11-25,1.1908,1.3378
2020-11-26,,
2020-11-27,,
2020-11-30,1.1948,1.3338
2020-12-01,1.2039,1.3392
2020-12-02,1.2093,1.3348
2020-12-03,1.2152,1.3496
2020-12-04,1.2142,1.3485
2020-12-07,1.2138,1.3353
2020-12-08,1.2111,1.3358
2020-12-09,1.208,1.3392
2020-12-10,1.2118,1.3293
2020-12-11,1.2112,1.3197
2020-12-14,1.2145,1.3324
2020-12-15,1.2158,1.3434
2020-12-16,1.2175,1.3503
2020-12-17,1.2258,1.3609
2020-12-18,1.2236,1.3497
2020-12-21,1.223,1.3354
2020-12-22,1.2172,1.3349
2020-12-23,1.2194,1.351
2020-12-24,,
2020-12-25,,
2020-12-28,1.2213,1.3447
2020-12-29,1.2252,1.3512
2020-12-30,1.228,1.3605
2020-12-31,1.223,1.3662
2021-01-01,,
2021-01-04,1.2254,1.3551
2021-01-05,1.2295,1.362
2021-01-06,1.229,1.3593
2021-01-07,1.2265,1.3551
2021-01-08,1.2252,1.3583
2021-01-11,1.2169,1.3522
2021-01-12,1.2168,1.3637
2021-01-13,1.2159,1.3631
2021-01-14,1.2156,1.369
2021-01-15,1.2099,1.3599
2021-01-18,,
2021-01-19,1.2126,1.3627
2021-01-20,,
2021-01-21,1.2143,1.3721
2021-01-22,1.2179,1.3685
2021-01-25,1.2138,1.3668
2021-01-26,1.2147,1.3729
2021-01-27,1.2101,1.3688
2021-01-28,1.2122,1.3727
2021-01-29,1.2135,1.3723
2021-02-01,1.207,1.3672
2021-02-02,1.202,1.3644
2021-02-03,1.2025,1.3652
2021-02-04,1.1974,1.3665
2021-02-05,1.2035,1.3714
2021-02-08,1.2045,1.3738
2021-02-09,1.2106,1.3796
2021-02-10,1.2132,1.385
2021-02-11,1.2127,1.3822
2021-02-12,1.2126,1.3855
2021-02-15,,
2021-02-16,1.2107,1.391
2021-02-17,1.2042,1.3848
2021-02-18,1.2078,1.3956
2021-02-19,1.2136,1.4025
2021-02-22,1.2155,1.4077
2021-02-23,1.2142,1.4092
2021-02-24,1.2143,1.4106
2021-02-25,1.2229,1.4105
2021-02-26,1.2093,1.3947
2021-03-01,1.2054,1.3938
2021-03-02,1.2079,1.3962
2021-03-03,1.2073,1.3978
2021-03-04,1.2045,1.3999
2021-03-05,1.1914,1.3817
2021-03-08,1.1849,1.381
2021-03-09,1.1885,1.3884
2021-03-10,1.19,1.3899
2021-03-11,1.1978,1.398
2021-03-12,1.1952,1.3925
2021-03-15,1.1917,1.3866
2021-03-16,1.1895,1.3892
2021-03-17,1.1905,1.3888
2021-03-18,1.1926,1.3938
2021-03-19,1.1909,1.3872
2021-03-22,1.1932,1.3856
2021-03-23,1.1872,1.3795
2021-03-24,1.1831,1.3723
2021-03-25,1.1777,1.3722
2021-03-26,1.1798,1.3794
2021-03-29,1.1779,1.3793
2021-03-30,1.1724,1.3729
2021-03-31,1.1743,1.3795
2021-04-01,1.1772,1.3825
2021-04-02,1.1763,1.3825
2021-04-05,1.181,1.3907
2021-04-06,1.1852,1.3849
2021-04-07,1.189,1.3757
2021-04-08,1.1904,1.3739
2021-04-09,1.1897,1.3734
2021-04-12,1.1907,1.3741
2021-04-13,1.1939,1.3742
2021-04-14,1.1974,1.379
2021-04-15,1.1964,1.3781
2021-04-16,1.198,1.3826
2021-04-19,1.2028,1.3977
2021-04-20,1.2045,1.3955
2021-04-21,1.2033,1.3936
2021-04-22,1.2012,1.3851
2021-04-23,1.2069,1.3845
2021-04-26,1.2083,1.389
2021-04-27,1.2079,1.3908
2021-04-28,1.2098,1.3917
2021-04-29,1.211,1.3956
2021-04-30,1.203,1.3838
2021-05-03,1.2059,1.3913
2021-05-04,1.2014,1.3873
2021-05-05,1.2003,1.3913
2021-05-06,1.2049,1.388
2021-05-07,1.2165,1.4
2021-05-10,1.217,1.4153
2021-05-11,1.2169,1.4149
2021-05-12,1.2074,1.4081
2021-05-13,1.207,1.4033
2021-05-14,1.2141,1.4096
2021-05-17,1.2155,1.4127
2021-05-18,1.2203,1.4184
2021-05-19,1.2216,1.4169
2021-05-20,1.2225,1.4182
2021-05-21,1.2178,1.4158
2021-05-24,1.221,1.4147
2021-05-25,1.2233,1.4123
2021-05-26,1.2204,1.4129
2021-05-27,1.2194,1.4172
2021-05-28,1.2194,1.4188
2021-05-31,,
2021-06-01,1.2241,1.4168
2021-06-02,1.2213,1.4177
2021-06-03,1.2122,1.4099
2021-06-04,1.2173,1.4175
2021-06-07,1.22,1.4179
2021-06-08,1.218,1.4146
2021-06-09,1.2184,1.4124
2021-06-10,1.2173,1.4165
2021-06-11,1.2101,1.4114
2021-06-14,1.2126,1.4116
2021-06-15,1.212,1.4073
2021-06-16,1.2119,1.411
2021-06-17,1.1911,1.3916
2021-06-18,1.1872,1.3817
2021-06-21,1.1909,1.3915
2021-06-22,1.191,1.3921
2021-06-23,1.195,1.3977
2021-06-24,1.1927,1.3907
2021-06-25,1.194,1.3899
2021-06-28,1.1938,1.3895
2021-06-29,1.1905,1.3845
2021-06-30,1.1848,1.3806
2021-07-01,1.1857,1.378
2021-07-02,1.1848,1.3795
2021-07-05,,
2021-07-06,1.1816,1.3792
2021-07-07,1.1803,1.3792
2021-07-08,1.184,1.3767
2021-07-09,1.1861,1.3842
2021-07-12,1.1858,1.3886
2021-07-13,1.1813,1.3847
2021-07-14,1.1826,1.3854
2021-07-15,1.1806,1.3849
2021-07-16,1.181,1.3785
2021-07-19,1.1804,1.369
2021-07-20,1.1776,1.3615
2021-07-21,1.1799,1.3695
2021-07-22,1.1771,1.375
2021-07-23,1.1761,1.3749
2021-07-26,1.181,1.3829
2021-07-27,1.1831,1.3884
2021-07-28,1.1809,1.3884
2021-07-29,1.1886,1.3966
2021-07-30,1.1864,1.3913
2021-08-02,1.1873,1.3886
2021-08-03,1.1859,1.3905
2021-08-04,1.1841,1.3912
2021-08-05,1.1838,1.3929
2021-08-06,1.1761,1.3873
2021-08-09,1.1749,1.3852
2021-08-10,1.1722,1.384
2021-08-11,1.1737,1.3866
2021-08-12,1.1736,1.3833
2021-08-13,1.1796,1.3857
2021-08-16,1.1776,1.3849
2021-08-17,1.1714,1.3739
2021-08-18,1.1702,1.3749
2021-08-19,1.1693,1.3673
2021-08-20,1.169,1.3625
2021-08-23,1.1732,1.3717
2021-08-24,1.1746,1.3716
2021-08-25,1.1758,1.3723
2021-08-26,1.1761,1.3712
2021-08-27,1.1794,1.3769
2021-08-30,1.1795,1.3758
2021-08-31,1.18,1.3747
2021-09-01,1.185,1.379
2021-09-02,1.1858,1.3825
2021-09-03,1.1884,1.3862
2021-09-06,,
2021-09-07,1.1849,1.3792
2021-09-08,1.1818,1.3761
2021-09-09,1.1827,1.3855
2021-09-10,1.1821,1.3847
2021-09-13,1.1809,1.3844
2021-09-14,1.1824,1.3848
2021-09-15,1.1811,1.3837
2021-09-16,1.1764,1.3785
2021-09-17,1.1734,1.3755
2021-09-20,1.1729,1.3656
2021-09-21,1.1724,1.3663
2021-09-22,1.1739,1.3669
2021-09-23,1.1735,1.3745
2021-09-24,1.1715,1.3681
2021-09-27,1.1702,1.3712
2021-09-28,1.1681,1.3537
2021-09-29,1.1612,1.3439
2021-09-30,1.1577,1.347
2021-10-01,1.1598,1.3572
2021-10-04,1.1622,1.3602
2021-10-05,1.1609,1.364
2021-10-06,1.1546,1.3569
2021-10-07,1.1561,1.3634
2021-10-08,1.1572,1.363
2021-10-11,,
2021-10-12,1.1541,1.3605
2021-10-13,1.1568,1.3645
2021-10-14,1.1591,1.3684
2021-10-15,1.1594,1.3756
2021-10-18,1.1609,1.3726
2021-10-19,1.1632,1.3807
2021-10-20,1.1643,1.3821
2021-10-21,1.1643,1.3812
2021-10-22,1.1632,1.3741
2021-10-25,1.1609,1.3773
2021-10-26,1.159,1.3772
2021-10-27,1.16,1.3739
2021-10-28,1.1685,1.3804
2021-10-29,1.1552,1.3686
2021-11-01,1.1591,1.3679
2021-11-02,1.1581,1.3612
2021-11-03,1.1584,1.3659
2021-11-04,1.1546,1.3494
2021-11-05,1.1554,1.3491
2021-11-08,1.159,1.3563
2021-11-09,1.1589,1.3551
2021-11-10,1.1517,1.347
2021-11-11,,
2021-11-12,1.1443,1.3412
2021-11-15,1.1421,1.3444
2021-11-16,1.1333,1.3429
2021-11-17,1.1322,1.3488
2021-11-18,1.1358,1.3489
2021-11-19,1.1318,1.3474
2021-11-22,1.126,1.3412
2021-11-23,1.1265,1.3388
2021-11-24,1.1196,1.3332
2021-11-25,,
2021-11-26,1.1302,1.3322
2021-11-29,1.1261,1.3291
2021-11-30,1.1287,1.3252
2021-12-01,1.1323,1.3308
2021-12-02,1.1306,1.3305
2021-12-03,1.1308,1.3234
2021-12-06,1.1282,1.3252
2021-12-07,1.1247,1.3236
2021-12-08,1.133,1.3236
2021-12-09,1.1285,1.3188
2021-12-10,1.1312,1.3262
2021-12-13,1.1298,1.3233
2021-12-14,1.1267,1.3225
2021-12-15,1.1261,1.3214
2021-12-16,1.1309,1.3325
2021-12-17,1.1277,1.3269
2021-12-20,1.1298,1.3222
2021-12-21,1.1272,1.3253
2021-12-22,1.1324,1.3345
2021-12-23,1.132,1.341
2021-12-24,,
2021-12-27,1.1329,1.3438
2021-12-28,1.1314,1.3432
2021-12-29,1.1337,1.3475
2021-12-30,1.1318,1.35
2021-12-31,,
2022-01-03,1.129,1.3469
2022-01-04,1.1296,1.3544
2022-01-05,1.1335,1.3573
2022-01-06,1.1307,1.3539
2022-01-07,1.1358,1.3583
2022-01-10,1.1328,1.3567
2022-01-11,1.1363,1.3622
2022-01-12,1.1431,1.3698
2022-01-13,1.1464,1.3724
2022-01-14,1.1414,1.367
2022-01-17,,
2022-01-18,1.1336,1.3588
2022-01-19,1.1346,1.3625
2022-01-20,1.1336,1.3642
2022-01-21,1.1346,1.3562
2022-01-24,1.131,1.3447
2022-01-25,1.1283,1.3495
2022-01-26,1.1279,1.3516
2022-01-27,1.1141,1.3385
2022-01-28,1.116,1.3417
2022-01-31,1.1212,1.3439
2022-02-01,1.1239,1.3505
2022-02-02,1.1299,1.3565
2022-02-03,1.1425,1.3602
2022-02-04,1.1455,1.3543
2022-02-07,1.1434,1.3533
2022-02-08,1.1416,1.3552
2022-02-09,1.1435,1.354
2022-02-10,1.1487,1.3636
2022-02-11,1.1404,1.3601
2022-02-14,1.1306,1.3516
2022-02-15,1.1363,1.3539
2022-02-16,1.1381,1.3585
2022-02-17,1.1364,1.3624
2022-02-18,1.1327,1.3585
2022-02-21,,
2022-02-22,1.1342,1.3597
2022-02-23,1.1316,1.3555
2022-02-24,1.1154,1.336
2022-02-25,1.1261,1.3407
2022-02-28,1.1224,1.3419
2022-03-01,1.1103,1.3318
2022-03-02,1.1102,1.3365
2022-03-03,1.1053,1.3326
2022-03-04,1.0912,1.3214
2022-03-07,1.086,1.3115
2022-03-08,1.0881,1.3101
2022-03-09,1.1069,1.316
2022-03-10,1.1007,1.3108
2022-03-11,1.0937,1.3063
2022-03-14,1.0979,1.3044
2022-03-15,1.0974,1.3065
2022-03-16,1.0996,1.3096
2022-03-17,1.111,1.3159
2022-03-18,1.1044,1.3169
2022-03-21,1.1048,1.3201
2022-03-22,1.1022,1.3258
2022-03-23,1.1001,1.3212
2022-03-24,1.1006,1.3183
2022-03-25,1.0985,1.3193
2022-03-28,1.0977,1.3091
2022-03-29,1.1104,1.3125
2022-03-30,1.1163,1.3149
2022-03-31,1.1093,1.3152
2022-04-01,1.1043,1.3114
2022-04-04,1.0992,1.3116
2022-04-05,1.0921,1.3101
2022-04-06,1.0913,1.3082
2022-04-07,1.09,1.306
2022-04-08,1.0874,1.3032
2022-04-11,1.0875,1.3033
2022-04-12,1.0852,1.3031
2022-04-13,1.0874,1.3072
2022-04-14,1.0796,1.3052
2022-04-15,1.0812,1.3066
2022-04-18,1.0785,1.3019
2022-04-19,1.0789,1.3009
2022-04-20,1.0857,1.3055
2022-04-21,1.0839,1.3042
2022-04-22,1.079,1.2848
2022-04-25,1.0703,1.2698
2022-04-26,1.0661,1.2617
2022-04-27,1.0549,1.2547
2022-04-28,1.05,1.2443
2022-04-29,1.0537,1.2565
2022-05-02,1.0521,1.2523
2022-05-03,1.0532,1.251
2022-05-04,1.0539,1.2487
2022-05-05,1.0507,1.2334
2022-05-06,1.0572,1.2344
2022-05-09,1.0559,1.2335
2022-05-10,1.0531,1.2313
2022-05-11,1.0537,1.2317
2022-05-12,1.0376,1.2198
2022-05-13,1.041,1.2242
2022-05-16,1.042,1.227
2022-05-17,1.0532,1.2468
2022-05-18,1.0494,1.2396
2022-05-19,1.0587,1.2504
2022-05-20,1.0559,1.2492
2022-05-23,1.0668,1.2571
2022-05-24,1.0744,1.2544
2022-05-25,1.0658,1.2539
2022-05-26,1.0725,1.2582
2022-05-27,1.0709,1.2613
2022-05-30,,
2022-05-31,1.0731,1.2624
2022-06-01,1.0646,1.2472
2022-06-02,1.0733,1.2557
2022-06-03,1.0721,1.2496
2022-06-06,1.0699,1.2544
2022-06-07,1.0697,1.2594
2022-06-08,1.074,1.2557
2022-06-09,1.0656,1.2511
2022-06-10,1.0521,1.233
2022-06-13,1.0436,1.217
2022-06-14,1.0416,1.2011
2022-06-15,1.0388,1.2057
2022-06-16,1.0531,1.2341
2022-06-17,1.0473,1.2201
2022-06-20,,
2022-06-21,1.0548,1.2277
2022-06-22,1.0583,1.228
2022-06-23,1.0503,1.224
2022-06-24,1.0539,1.2273
2022-06-27,1.0601,1.2305
2022-06-28,1.0534,1.22
2022-06-29,1.0477,1.2151
2022-06-30,1.0469,1.2162
2022-07-01,1.0409,1.2048
2022-07-04,,
2022-07-05,1.0254,1.1932
2022-07-06,1.0173,1.1907
2022-07-07,1.0159,1.1994
2022-07-08,1.0178,1.2036
2022-07-11,1.0088,1.1907
2022-07-12,1.0069,1.1905
2022-07-13,1.0081,1.1919
2022-07-14,1.0028,1.1827
2022-07-15,1.0089,1.1857
2022-07-18,1.016,1.1989
2022-07-19,1.0238,1.2022
2022-07-20,1.0217,1.1989
2022-07-21,1.0197,1.1968
2022-07-22,1.0225,1.2019
2022-07-25,1.0211,1.2042
2022-07-26,1.0116,1.2036
2022-07-27,1.0108,1.2027
2022-07-28,1.0163,1.2126
2022-07-29,1.0202,1.2183
2022-08-01,1.027,1.2278
2022-08-02,1.0194,1.2218
2022-08-03,1.0146,1.2132
2022-08-04,1.0221,1.2141
2022-08-05,1.017,1.2061
2022-08-08,1.0207,1.2098
2022-08-09,1.0226,1.2089
2022-08-10,1.0337,1.2245
2022-08-11,1.0338,1.223
2022-08-12,1.0257,1.2132
2022-08-15,1.0186,1.209
2022-08-16,1.0174,1.209
2022-08-17,1.0164,1.203
2022-08-18,1.0114,1.197
2022-08-19,1.0039,1.181
2022-08-22,0.9936,1.1752
2022-08-23,0.9976,1.1844
2022-08-24,0.9967,1.1802
2022-08-25,0.9959,1.1803
2022-08-26,0.9998,1.1778
2022-08-29,1,1.1718
2022-08-30,1.0018,1.1651
2022-08-31,1.0065,1.1647
2022-09-01,0.995,1.1541
2022-09-02,1.003,1.1582
2022-09-05,,
2022-09-06,0.9914,1.1549
2022-09-07,0.9942,1.1473
2022-09-08,0.9956,1.1489
2022-09-09,1.0046,1.16
2022-09-12,1.0129,1.1701
2022-09-13,0.9997,1.1526
2022-09-14,0.9993,1.1564
2022-09-15,0.9991,1.1472
2022-09-16,1.0013,1.1419
2022-09-19,1.0003,1.1403
2022-09-20,0.9994,1.1405
2022-09-21,0.988,1.133
2022-09-22,0.9841,1.1269
2022-09-23,0.9719,1.0921
2022-09-26,0.9623,1.0703
2022-09-27,0.9616,1.0753
2022-09-28,0.9681,1.0832
2022-09-29,0.9774,1.1048
2022-09-30,0.9783,1.1134
2022-10-03,0.9809,1.1272
2022-10-04,0.9977,1.1446
2022-10-05,0.9866,1.1275
2022-10-06,0.9806,1.1133
2022-10-07,0.9785,1.1116
2022-10-10,,
2022-10-11,0.9757,1.1168
2022-10-12,0.9692,1.1096
2022-10-13,0.978,1.1344
2022-10-14,0.9739,1.1208
2022-10-17,0.9843,1.1427
2022-10-18,0.9842,1.1307
2022-10-19,0.978,1.1232
2022-10-20,0.9823,1.1288
2022-10-21,0.9855,1.1292
2022-10-24,0.9874,1.1295
2022-10-25,0.9959,1.1469
2022-10-26,1.0068,1.1615
2022-10-27,0.9985,1.1574
2022-10-28,0.9934,1.1573
2022-10-31,0.9885,1.1515
2022-11-01,0.9871,1.146
2022-11-02,0.9875,1.1467
2022-11-03,0.9759,1.1183
2022-11-04,0.9895,1.1279
2022-11-07,0.9997,1.1463
2022-11-08,1.0089,1.1595
2022-11-09,1.0037,1.1396
2022-11-10,1.0176,1.1677
2022-11-11,,
2022-11-14,1.0337,1.1728
2022-11-15,1.0372,1.189
2022-11-16,1.0395,1.1889
2022-11-17,1.0341,1.1812
2022-11-18,1.0349,1.1902
2022-11-21,1.0238,1.1785
2022-11-22,1.0276,1.188
2022-11-23,1.0364,1.204
2022-11-24,,
2022-11-25,1.0402,1.2102
2022-11-28,1.0386,1.2041
2022-11-29,1.0356,1.1996
2022-11-30,1.0323,1.1962
2022-12-01,1.0498,1.2252
2022-12-02,1.0521,1.2292
2022-12-05,1.0494,1.2169
2022-12-06,1.0497,1.2202
2022-12-07,1.0505,1.2194
2022-12-08,1.0552,1.2235
2022-12-09,1.055,1.2311
2022-12-12,1.0545,1.2285
2022-12-13,1.063,1.2375
2022-12-14,1.0655,1.2408
2022-12-15,1.0638,1.2206
2022-12-16,1.061,1.2168
2022-12-19,1.0624,1.218
2022-12-20,1.0635,1.2146
2022-12-21,1.0599,1.2072
2022-12-22,1.0588,1.2032
2022-12-23,1.0621,1.2054
2022-12-26,,
2022-12-27,1.0654,1.2032
2022-12-28,1.0622,1.2034
2022-12-29,1.0668,1.206
2022-12-30,1.0698,1.2077
2023-01-02,,
2023-01-03,1.0559,1.197
2023-01-04,1.062,1.2063
2023-01-05,1.0522,1.1902
2023-01-06,1.0619,1.2064
2023-01-09,1.0759,1.2206
2023-01-10,1.0737,1.2155
2023-01-11,1.074,1.2125
2023-01-12,1.0823,1.2182
2023-01-13,1.0811,1.2194
2023-01-16,,
2023-01-17,1.0793,1.2264
2023-01-18,1.0827,1.2369
2023-01-19,1.081,1.2366
2023-01-20,1.0831,1.2374
2023-01-23,1.0865,1.237
2023-01-24,1.0873,1.2323
2023-01-25,1.0901,1.2374
2023-01-26,1.0866,1.237
2023-01-27,1.0857,1.2379
2023-01-30,1.0867,1.2373
2023-01-31,1.0858,1.2324
2023-02-01,1.0917,1.2308
2023-02-02,1.0918,1.226
2023-02-03,1.0825,1.2073
2023-02-06,1.0722,1.2009
2023-02-07,1.0705,1.2013
2023-02-08,1.0734,1.2093
2023-02-09,1.0761,1.2157
2023-02-10,1.067,1.2061
2023-02-13,1.0718,1.2136
2023-02-14,1.0722,1.2157
2023-02-15,1.0683,1.2031
2023-02-16,1.0684,1.2018
2023-02-17,1.0678,1.2012
2023-02-20,,
2023-02-21,1.0657,1.2111
2023-02-22,1.0623,1.2064
2023-02-23,1.0583,1.2016
2023-02-24,1.0545,1.1948
2023-02-27,1.0596,1.2036
2023-02-28,1.0602,1.2093
2023-03-01,1.0674,1.2034
2023-03-02,1.0595,1.1942
2023-03-03,1.0616,1.1996
2023-03-06,1.0694,1.2048
2023-03-07,1.0573,1.1857
2023-03-08,1.0549,1.1837
2023-03-09,1.0577,1.1922
2023-03-10,1.0659,1.2043
2023-03-13,1.0733,1.216
2023-03-14,1.0722,1.2146
2023-03-15,1.0535,1.2032
2023-03-16,1.0622,1.2111
2023-03-17,1.0647,1.2141
2023-03-20,1.0722,1.2257
2023-03-21,1.0769,1.2195
2023-03-22,1.0792,1.2232
2023-03-23,1.089,1.2322
2023-03-24,1.0762,1.2225
2023-03-27,1.0789,1.2278
2023-03-28,1.0844,1.2341
2023-03-29,1.0826,1.2313
2023-03-30,1.0899,1.2368
2023-03-31,1.0872,1.2369
2023-04-03,1.0891,1.2403
2023-04-04,1.0951,1.2498
2023-04-05,1.0918,1.2469
2023-04-06,1.0927,1.2456
2023-04-07,1.0913,1.2422
2023-04-10,1.084,1.2358
2023-04-11,1.0906,1.2409
2023-04-12,1.0987,1.2471
2023-04-13,1.1054,1.2531
2023-04-14,1.098,1.2417
2023-04-17,1.0915,1.2359
2023-04-18,1.0958,1.2419
2023-04-19,1.0953,1.2442
2023-04-20,1.097,1.2448
2023-04-21,1.0973,1.2419
2023-04-24,1.1027,1.2457
2023-04-25,1.0968,1.2398
2023-04-26,1.1052,1.2486
2023-04-27,1.1017,1.2471
2023-04-28,1.104,1.2582
2023-05-01,1.097,1.2495
2023-05-02,1.0997,1.2475
2023-05-03,1.1049,1.2547
2023-05-04,1.1009,1.258
2023-05-05,1.1026,1.265
2023-05-08,1.102,1.2633
2023-05-09,1.0953,1.2618
2023-05-10,1.0966,1.2614
2023-05-11,1.0916,1.2501
2023-05-12,1.0856,1.2464
2023-05-15,1.0874,1.2526
2023-05-16,1.0866,1.2494
2023-05-17,1.083,1.2475
2023-05-18,1.0776,1.2424
2023-05-19,1.0819,1.2464
2023-05-22,1.0806,1.2425
2023-05-23,1.0771,1.2423
2023-05-24,1.0758,1.2368
2023-05-25,1.0725,1.2325
2023-05-26,1.0713,1.2342
2023-05-29,,
2023-05-30,1.0722,1.2403
2023-05-31,1.0654,1.2396
2023-06-01,1.0752,1.2536
2023-06-02,1.0724,1.2468
2023-06-05,1.0721,1.244
2023-06-06,1.0695,1.2418
2023-06-07,1.0702,1.2451
2023-06-08,1.078,1.2547
2023-06-09,1.0749,1.2579
2023-06-12,1.0747,1.2489
2023-06-13,1.0792,1.2611
2023-06-14,1.0859,1.2696
2023-06-15,1.0933,1.2762
2023-06-16,1.0925,1.2815
2023-06-19,,
2023-06-20,1.09,1.2732
2023-06-21,1.0951,1.2737
2023-06-22,1.0953,1.275
2023-06-23,1.0887,1.2701
2023-06-26,1.091,1.2724
2023-06-27,1.0961,1.2752
2023-06-28,1.0904,1.2637
2023-06-29,1.0881,1.2617
2023-06-30,1.092,1.2709
2023-07-03,1.0919,1.2695
2023-07-04,,
2023-07-05,1.0868,1.271
2023-07-06,1.0873,1.2721
2023-07-07,1.0964,1.2838
2023-07-10,1.0991,1.2837
2023-07-11,1.0992,1.2901
2023-07-12,1.1123,1.2993
2023-07-13,1.1194,1.3097
2023-07-14,1.1237,1.3113
2023-07-17,1.1236,1.3078
2023-07-18,1.1223,1.3054
2023-07-19,1.1195,1.2898
2023-07-20,1.1135,1.2849
2023-07-21,1.112,1.2854
2023-07-24,1.1083,1.2828
2023-07-25,1.105,1.2876
2023-07-26,1.1078,1.293
2023-07-27,1.0998,1.287
2023-07-28,1.1039,1.287
2023-07-31,1.102,1.2857
2023-08-01,1.0971,1.275
2023-08-02,1.0939,1.2712
2023-08-03,1.0947,1.2709
2023-08-04,1.1036,1.2775
2023-08-07,1.1,1.2769
2023-08-08,1.0951,1.2729
2023-08-09,1.0975,1.2715
2023-08-10,1.1016,1.2726
2023-08-11,1.0957,1.2694
2023-08-14,1.0922,1.2691
2023-08-15,1.0928,1.2745
2023-08-16,1.0904,1.2749
2023-08-17,1.0874,1.2753
2023-08-18,1.0875,1.2738
2023-08-21,1.0888,1.2737
2023-08-22,1.0846,1.2733
2023-08-23,1.0862,1.2715
2023-08-24,1.0826,1.2634
2023-08-25,1.0787,1.257
2023-08-28,1.081,1.2592
2023-08-29,1.0851,1.2614
2023-08-30,1.0926,1.2726
2023-08-31,1.0839,1.2667
2023-09-01,1.0787,1.2594
2023-09-04,,
2023-09-05,1.0727,1.2583
2023-09-06,1.0714,1.2498
2023-09-07,1.0704,1.2485
2023-09-08,1.0709,1.2476
2023-09-11,1.0744,1.2529
2023-09-12,1.0726,1.2477
2023-09-13,1.0737,1.2488
2023-09-14,1.066,1.241
2023-09-15,1.0673,1.2392
2023-09-18,1.0695,1.2403
2023-09-19,1.0684,1.2393
2023-09-20,1.0715,1.2389
2023-09-21,1.0664,1.2299
2023-09-22,1.066,1.2257
2023-09-25,1.0591,1.2218
2023-09-26,1.0573,1.2168
2023-09-27,1.051,1.2133
2023-09-28,1.0578,1.2223
2023-09-29,1.0584,1.2214
2023-10-02,1.05,1.213
2023-10-03,1.0453,1.2069
2023-10-04,1.0518,1.2157
2023-10-05,1.0527,1.2171
2023-10-06,1.0596,1.2255
2023-10-09,,
2023-10-10,1.0618,1.2288
2023-10-11,1.062,1.2304
2023-10-12,1.0553,1.2214
2023-10-13,1.0502,1.2139
2023-10-16,1.0546,1.2198
2023-10-17,1.0593,1.2206
2023-10-18,1.0532,1.215
2023-10-19,1.057,1.2145
2023-10-20,1.0592,1.2153
2023-10-23,1.0646,1.2235
2023-10-24,1.0595,1.217
2023-10-25,1.0583,1.214
2023-10-26,1.0532,1.2113
2023-10-27,1.0592,1.2151
2023-10-30,1.062,1.2157
2023-10-31,1.0568,1.2135
2023-11-01,1.0538,1.2127
2023-11-02,1.0618,1.2175
2023-11-03,1.0733,1.2374
2023-11-06,1.0747,1.2391
2023-11-07,1.0687,1.2296
2023-11-08,1.0715,1.2301
2023-11-09,1.071,1.2279
2023-11-10,,
2023-11-13,1.07,1.2268
2023-11-14,1.0861,1.2483
2023-11-15,1.0853,1.2431
2023-11-16,1.0851,1.2423
2023-11-17,1.0879,1.243
2023-11-20,1.0945,1.2505
2023-11-21,1.0923,1.254
2023-11-22,1.0871,1.2468
2023-11-23,,
2023-11-24,1.0934,1.2601
2023-11-27,1.0937,1.2613
2023-11-28,1.1007,1.2713
2023-11-29,1.0969,1.269
2023-11-30,1.0908,1.264
2023-12-01,1.0878,1.2682
2023-12-04,1.0824,1.2633
2023-12-05,1.0787,1.259
2023-12-06,1.079,1.2589
2023-12-07,1.0794,1.2582
2023-12-08,1.0746,1.2539
2023-12-11,1.0747,1.255
2023-12-12,1.079,1.2549
2023-12-13,1.0793,1.2527
2023-12-14,1.0997,1.2767
2023-12-15,1.0906,1.2709
2023-12-18,1.092,1.2632
2023-12-19,1.0977,1.2751
2023-12-20,1.0957,1.266
2023-12-21,1.099,1.2668
2023-12-22,1.1008,1.272
2023-12-25,,
2023-12-26,1.1035,1.2709
2023-12-27,1.1114,1.2797
2023-12-28,1.1073,1.2743
2023-12-29,1.1062,1.2743
2024-01-01,,
2024-01-02,1.0957,1.2632
2024-01-03,1.0909,1.2641
2024-01-04,1.0957,1.2692
2024-01-05,1.0957,1.274
2024-01-08,1.0976,1.2766
2024-01-09,1.0935,1.272
2024-01-10,1.096,1.273
2024-01-11,1.0943,1.2712
2024-01-12,1.0959,1.2746
2024-01-15,,
2024-01-16,1.0882,1.2657
2024-01-17,1.0858,1.2666
2024-01-18,1.0863,1.2687
2024-01-19,1.0887,1.2677
2024-01-22,1.0895,1.2728
2024-01-23,1.0829,1.2661
2024-01-24,1.0901,1.2754
2024-01-25,1.0837,1.27
2024-01-26,1.0866,1.272
2024-01-29,1.0807,1.2681
2024-01-30,1.0844,1.2683
2024-01-31,1.0855,1.2733
2024-02-01,1.0865,1.2727
2024-02-02,1.0787,1.2627
2024-02-05,1.0736,1.2532
2024-02-06,1.0751,1.2589
2024-02-07,1.0769,1.2629
2024-02-08,1.0774,1.262
2024-02-09,1.0782,1.2628
2024-02-12,1.0774,1.2631
2024-02-13,1.072,1.2606
2024-02-14,1.0735,1.2562
2024-02-15,1.0761,1.258
2024-02-16,1.0769,1.259
2024-02-19,,
2024-02-20,1.0814,1.2645
2024-02-21,1.0818,1.2624
2024-02-22,1.0815,1.2649
2024-02-23,1.0828,1.2678
2024-02-26,1.0855,1.2681
2024-02-27,1.0857,1.2693
2024-02-28,1.0843,1.267
2024-02-29,1.0807,1.2632
2024-03-01,1.0832,1.2652
2024-03-04,1.0862,1.2701
2024-03-05,1.0861,1.2712
2024-03-06,1.0913,1.2757
2024-03-07,1.0941,1.2796
2024-03-08,1.0941,1.2852
2024-03-11,1.0928,1.2807
2024-03-12,1.0918,1.2786
2024-03-13,1.0944,1.2799
2024-03-14,1.0888,1.2749
2024-03-15,1.0888,1.2742
2024-03-18,1.0886,1.2736
2024-03-19,1.0859,1.2713
2024-03-20,1.0856,1.2713
2024-03-21,1.0861,1.267
2024-03-22,1.0817,1.2603
2024-03-25,1.0837,1.2648
2024-03-26,1.0829,1.263
2024-03-27,1.0821,1.2631
2024-03-28,1.0801,1.2634
2024-03-29,1.0791,1.2637
2024-04-01,1.0733,1.2545
2024-04-02,1.0769,1.2576
2024-04-03,1.0827,1.2635
2024-04-04,1.0865,1.2669
2024-04-05,1.0841,1.2633
2024-04-08,1.0853,1.2655
2024-04-09,1.0856,1.2676
2024-04-10,1.0737,1.2544
2024-04-11,1.0722,1.2535
2024-04-12,1.0647,1.2457
2024-04-15,1.0644,1.2466
2024-04-16,1.0628,1.2437
2024-04-17,1.0644,1.2443
2024-04-18,1.066,1.2465
2024-04-19,1.0655,1.2397
2024-04-22,1.0655,1.2341
2024-04-23,1.0695,1.2434
2024-04-24,1.0687,1.2434
2024-04-25,1.0721,1.2494
2024-04-26,1.0686,1.2474
2024-04-29,1.0717,1.2553
2024-04-30,1.0684,1.2514
2024-05-01,1.068,1.2488
2024-05-02,1.0706,1.2507
2024-05-03,1.077,1.255
2024-05-06,1.0779,1.2575
2024-05-07,1.0767,1.2535
2024-05-08,1.0755,1.2503
2024-05-09,1.0771,1.2505
2024-05-10,1.0773,1.2528
2024-05-13,1.0796,1.2563
2024-05-14,1.0818,1.2588
2024-05-15,1.086,1.2658
2024-05-16,1.0875,1.2682
2024-05-17,1.0869,1.2703
2024-05-20,1.0861,1.2708
2024-05-21,1.0855,1.271
2024-05-22,1.0836,1.2739
2024-05-23,1.0827,1.2717
2024-05-24,1.0852,1.2746
2024-05-27,,
2024-05-28,1.0879,1.2786
2024-05-29,1.0811,1.2714
2024-05-30,1.0837,1.2739
2024-05-31,1.0846,1.2738
2024-06-03,1.089,1.2795
2024-06-04,1.0878,1.2785
2024-06-05,1.0865,1.2771
2024-06-06,1.0883,1.2786
2024-06-07,1.0807,1.2727
2024-06-10,1.0751,1.2733
2024-06-11,1.0733,1.2725
2024-06-12,1.0843,1.2843
2024-06-13,1.0756,1.2764
2024-06-14,1.0699,1.2685
2024-06-17,1.0723,1.2689
2024-06-18,1.0739,1.2699
2024-06-19,,
2024-06-20,1.0708,1.2671
2024-06-21,1.0694,1.2645
2024-06-24,1.0727,1.2684
2024-06-25,1.0705,1.2677
2024-06-26,1.0682,1.2625
2024-06-27,1.0708,1.2653
2024-06-28,1.0711,1.264
2024-07-01,1.0728,1.265
2024-07-02,1.0737,1.2679
2024-07-03,1.0799,1.2766
2024-07-04,,
2024-07-05,1.0828,1.2807
2024-07-08,1.0835,1.2829
2024-07-09,1.0813,1.2787
2024-07-10,1.0823,1.2842
2024-07-11,1.087,1.292
2024-07-12,1.0902,1.2986
2024-07-15,1.0912,1.2986
2024-07-16,1.0885,1.2958
2024-07-17,1.0933,1.3008
2024-07-18,1.0913,1.2973
2024-07-19,1.0888,1.2922
2024-07-22,1.088,1.2911
2024-07-23,1.0855,1.2916
2024-07-24,1.0853,1.2925
2024-07-25,1.0861,1.2884
2024-07-26,1.0859,1.2864
2024-07-29,1.0819,1.2853
2024-07-30,1.0809,1.2828
2024-07-31,1.0823,1.284
2024-08-01,1.0789,1.2772
2024-08-02,1.0914,1.2798
2024-08-05,1.0957,1.2765
2024-08-06,1.0926,1.2695
2024-08-07,1.0925,1.2718
2024-08-08,1.0914,1.2741
2024-08-09,1.0925,1.2766
2024-08-12,1.0928,1.2776
2024-08-13,1.0954,1.2828
2024-08-14,1.1024,1.2849
2024-08-15,1.0986,1.2863
2024-08-16,1.0996,1.2906
2024-08-19,1.107,1.2984
2024-08-20,1.1106,1.3027
2024-08-21,1.1143,1.3077
2024-08-22,1.1114,1.3094
2024-08-23,1.1176,1.3197
2024-08-26,1.1164,1.3185
2024-08-27,1.116,1.3235
2024-08-28,1.1127,1.3201
2024-08-29,1.1086,1.3186
2024-08-30,1.106,1.3132
2024-09-02,,
2024-09-03,1.1043,1.3103
2024-09-04,1.1081,1.3142
2024-09-05,1.1096,1.3165
2024-09-06,1.1086,1.3136
2024-09-09,1.1042,1.3083
2024-09-10,1.1025,1.3065
2024-09-11,1.1012,1.3027
2024-09-12,1.1041,1.3081
2024-09-13,1.1085,1.314
2024-09-16,1.1123,1.3202
2024-09-17,1.1118,1.3164
2024-09-18,1.1116,1.3199
2024-09-19,1.1147,1.3279
2024-09-20,1.1159,1.3305
2024-09-23,1.113,1.3351
2024-09-24,1.115,1.3376
2024-09-25,1.1143,1.3338
2024-09-26,1.1184,1.3428
2024-09-27,1.1159,1.3394
2024-09-30,1.1145,1.3399
2024-10-01,1.1067,1.3282
2024-10-02,1.105,1.3271
2024-10-03,1.1015,1.3114
2024-10-04,1.0961,1.3107
2024-10-07,1.0976,1.308
2024-10-08,1.097,1.3093
2024-10-09,1.0951,1.308
2024-10-10,1.0925,1.3053
2024-10-11,1.0942,1.307
2024-10-14,,
2024-10-15,1.0899,1.3083
2024-10-16,1.0873,1.3
2024-10-17,1.0837,1.3008
2024-10-18,1.0854,1.3022
2024-10-21,1.082,1.298
2024-10-22,1.0805,1.2969
2024-10-23,1.0779,1.2944
2024-10-24,1.0806,1.2964
2024-10-25,1.0813,1.2978
2024-10-28,1.0819,1.2981
2024-10-29,1.0798,1.3005
2024-10-30,1.0864,1.3012
2024-10-31,1.0855,1.2856
2024-11-01,1.0848,1.2959
2024-11-04,1.0884,1.2942
2024-11-05,1.092,1.3015
2024-11-06,1.0732,1.2897
2024-11-07,1.0792,1.2985
2024-11-08,1.071,1.2905
2024-11-11,,
2024-11-12,1.0598,1.2733
2024-11-13,1.0567,1.2709
2024-11-14,1.0562,1.2706
2024-11-15,1.0552,1.2629
2024-11-18,1.0586,1.2664
2024-11-19,1.0578,1.2667
2024-11-20,1.0521,1.2639
2024-11-21,1.0475,1.2586
2024-11-22,1.0399,1.2516
2024-11-25,1.0478,1.2554
2024-11-26,1.0481,1.2547
2024-11-27,1.0575,1.2678
2024-11-28,,
2024-11-29,1.0547,1.2699
2024-12-02,1.0484,1.2639
2024-12-03,1.0518,1.2677
2024-12-04,1.0527,1.2712
2024-12-05,1.0571,1.2754
2024-12-06,1.0563,1.2744
2024-12-09,1.057,1.2783
2024-12-10,1.0512,1.2758
2024-12-11,1.0508,1.2763
2024-12-12,1.0514,1.2715
2024-12-13,1.0498,1.2629
2024-12-16,1.0512,1.269
2024-12-17,1.0506,1.2718
2024-12-18,1.0469,1.2696
2024-12-19,1.0357,1.253
2024-12-20,1.043,1.2587
2024-12-23,1.0409,1.2529
2024-12-24,1.0388,1.2528
2024-12-25,,
2024-12-26,1.0423,1.2522
2024-12-27,1.0423,1.2573
2024-12-30,1.0386,1.2523
2024-12-31,1.0351,1.2521
2025-01-01,,
2025-01-02,1.0261,1.2376
2025-01-03,1.0292,1.2419
2025-01-06,1.0397,1.253
2025-01-07,1.0369,1.2499
2025-01-08,1.0313,1.2366
2025-01-09,1.0298,1.2303
2025-01-10,1.0238,1.2215
2025-01-13,1.0209,1.2158
2025-01-14,1.0292,1.2188
2025-01-15,1.0282,1.2214
2025-01-16,1.0303,1.2246
2025-01-17,1.0287,1.2181
2025-01-20,,
2025-01-21,1.0423,1.2331
2025-01-22,1.042,1.2324
2025-01-23,1.042,1.2347
2025-01-24,1.0515,1.2496
2025-01-27,1.0492,1.2479
2025-01-28,1.0427,1.2433
2025-01-29,1.0416,1.2435
2025-01-30,1.042,1.2453
2025-01-31,1.04,1.2447
2025-02-03,1.0277,1.2389
2025-02-04,1.0379,1.2487
2025-02-05,1.0419,1.2516
2025-02-06,1.0368,1.2435
2025-02-07,1.0329,1.2396
2025-02-10,1.0312,1.2385
2025-02-11,1.0346,1.2423
2025-02-12,1.0392,1.2444
2025-02-13,1.0428,1.2528
2025-02-14,1.0498,1.2609
2025-02-17,,
2025-02-18,1.0457,1.2614
2025-02-19,1.0406,1.2571
2025-02-20,1.0475,1.2643
2025-02-21,1.0455,1.2647
2025-02-24,1.0478,1.264
2025-02-25,1.0498,1.2652
2025-02-26,1.0514,1.2696
2025-02-27,1.0414,1.2628
2025-02-28,1.0402,1.2591
2025-03-03,1.0496,1.2711
2025-03-04,1.0534,1.2726
2025-03-05,1.0768,1.2864
2025-03-06,1.0818,1.2894
2025-03-07,1.0859,1.2918
2025-03-10,1.0837,1.2909
2025-03-11,1.0927,1.2948
2025-03-12,1.0925,1.297
2025-03-13,1.0859,1.2945
2025-03-14,1.0872,1.2917
2025-03-17,1.0922,1.2988
2025-03-18,1.0927,1.2987
2025-03-19,1.0877,1.2969
2025-03-20,1.0848,1.2973
2025-03-21,1.0806,1.2896
2025-03-24,1.0794,1.2913
2025-03-25,1.0804,1.2948
2025-03-26,1.0781,1.2889
2025-03-27,1.08,1.2963
2025-03-28,1.0826,1.2942
2025-03-31,1.0796,1.2896
2025-04-01,1.08,1.2923
2025-04-02,1.0868,1.2974
2025-04-03,1.1052,1.3113
2025-04-04,1.1014,1.2927
2025-04-07,1.0912,1.2729
2025-04-08,1.0912,1.2769
2025-04-09,1.104,1.2771
2025-04-10,1.1192,1.294
2025-04-11,1.1325,1.3051
2025-04-14,1.1358,1.3176
2025-04-15,1.129,1.3223
2025-04-16,1.1382,1.3247
2025-04-17,1.1364,1.3259
2025-04-18,1.139,1.3279
2025-04-21,1.1508,1.3385
2025-04-22,1.1466,1.3376
2025-04-23,1.135,1.3256
2025-04-24,1.1363,1.3309
2025-04-25,1.1381,1.3331
2025-04-28,1.1387,1.3395
2025-04-29,1.1396,1.3397
2025-04-30,1.1349,1.3344
2025-05-01,1.1279,1.3273
2025-05-02,1.133,1.3283
2025-05-05,1.1315,1.3284
2025-05-06,1.1345,1.3369
2025-05-07,1.1348,1.3344
2025-05-08,1.1249,1.3287
2025-05-09,1.127,1.3318
2025-05-12,1.1106,1.3194
2025-05-13,1.1176,1.328
2025-05-14,1.1206,1.3303
2025-05-15,1.1189,1.3292
2025-05-16,1.1141,1.3257
2025-05-19,1.1236,1.3357
2025-05-20,1.1254,1.3371
2025-05-21,1.1343,1.3447
2025-05-22,1.1281,1.3426
2025-05-23,1.135,1.3511
2025-05-26,,
2025-05-27,1.1326,1.3505
2025-05-28,1.1286,1.3462
2025-05-29,1.137,1.3489
2025-05-30,1.1347,1.3468
2025-06-02,1.1432,1.3549
2025-06-03,1.1373,1.352
2025-06-04,1.1424,1.357
2025-06-05,1.144,1.3584
2025-06-06,1.1397,1.3532
2025-06-09,1.1425,1.3563
2025-06-10,1.1423,1.3508
2025-06-11,1.149,1.3556
2025-06-12,1.1578,1.3589
2025-06-13,1.1557,1.3594
2025-06-16,1.1581,1.36
2025-06-17,1.1535,1.3516
2025-06-18,1.1521,1.3471
2025-06-19,,
2025-06-20,1.152,1.3465
2025-06-23,1.1538,1.3491
2025-06-24,1.1608,1.3616
2025-06-25,1.162,1.3626
2025-06-26,1.1717,1.3754
2025-06-27,1.1724,1.372
2025-06-30,1.177,1.3722
2025-07-01,1.1776,1.3728
2025-07-02,1.179,1.3623
2025-07-03,1.1758,1.3656
2025-07-04,,
2025-07-07,1.1733,1.3638
2025-07-08,1.1707,1.3575
2025-07-09,1.1707,1.3585
2025-07-10,1.1688,1.3569
2025-07-11,1.1696,1.3503
2025-07-14,1.1672,1.3437
2025-07-15,1.1619,1.3396
2025-07-16,1.1629,1.3426
2025-07-17,1.1597,1.3413
2025-07-18,1.1645,1.3439
2025-07-21,1.1705,1.3498
2025-07-22,1.1749,1.3522
2025-07-23,1.1748,1.3566
2025-07-24,1.1765,1.3524
2025-07-25,1.173,1.3429
2025-07-28,1.1609,1.3393
2025-07-29,1.1534,1.3339
2025-07-30,1.147,1.3274
2025-07-31,1.1431,1.322
2025-08-01,1.1555,1.3259
2025-08-04,1.1568,1.329
2025-08-05,1.158,1.3309
2025-08-06,1.1647,1.336
2025-08-07,1.1641,1.3434
2025-08-08,1.166,1.3444
2025-08-11,1.1607,1.3414
2025-08-12,1.1673,1.3509
2025-08-13,1.1715,1.3572
2025-08-14,1.1644,1.3532
2025-08-15,1.1708,1.3565
2025-08-18,1.1667,1.3521
2025-08-19,1.166,1.3496
2025-08-20,1.1649,1.345
2025-08-21,1.1605,1.3417
2025-08-22,1.1713,1.3528
2025-08-25,1.167,1.3491
2025-08-26,1.1657,1.3485
2025-08-27,1.1611,1.3468
2025-08-28,1.1672,1.3516
2025-08-29,1.1695,1.3511
2025-09-01,,
2025-09-02,1.1653,1.3392
2025-09-03,1.1676,1.3448
2025-09-04,1.1648,1.3441
2025-09-05,1.1759,1.3543
2025-09-08,1.1751,1.355
2025-09-09,1.1723,1.3533
2025-09-10,1.1714,1.3548
2025-09-11,1.1732,1.3568
2025-09-12,1.1714,1.3547
2025-09-15,1.1772,1.3609
2025-09-16,1.1848,1.3654
2025-09-17,1.1845,1.3661
2025-09-18,1.178,1.3552
2025-09-19,1.1753,1.3484
2025-09-22,1.1773,1.3505
2025-09-23,1.18,1.3518
2025-09-24,1.1742,1.345
2025-09-25,1.1673,1.3351
2025-09-26,1.1692,1.3404
2025-09-29,1.173,1.3433
2025-09-30,1.1735,1.3443
2025-10-01,1.1723,1.3474
2025-10-02,1.1696,1.3423
2025-10-03,1.1747,1.3481
2025-10-06,1.1707,1.3476
2025-10-07,1.1674,1.3441
2025-10-08,1.1606,1.339
2025-10-09,1.1559,1.3312
2025-10-10,1.1613,1.3343
2025-10-13,,
2025-10-14,1.1608,1.3321
2025-10-15,1.1638,1.3396
2025-10-16,1.1665,1.3425
2025-10-17,1.1674,1.3425
2025-10-20,1.1656,1.342
2025-10-21,1.1616,1.3391
2025-10-22,1.1612,1.3372
2025-10-23,1.1612,1.3323
2025-10-24,1.1626,1.3298
2025-10-27,1.1636,1.3331
2025-10-28,1.1659,1.328
2025-10-29,1.1664,1.3243
2025-10-30,1.1564,1.3147
2025-10-31,1.1541,1.3141
2025-11-03,1.1531,1.315
2025-11-04,1.1491,1.3044
2025-11-05,1.1485,1.3051
2025-11-06,1.1539,1.3107
2025-11-07,1.1578,1.3165
2025-11-10,1.1545,1.3157
2025-11-11,,
2025-11-12,1.1592,1.3131
2025-11-13,1.1649,1.3214
2025-11-14,1.1617,1.3156
2025-11-17,1.1598,1.3179
2025-11-18,1.1579,1.3152
2025-11-19,1.154,1.3077
2025-11-20,1.1534,1.3079
2025-11-21,1.1506,1.31
2025-11-24,1.1518,1.3096
2025-11-25,1.1553,1.3174
2025-11-26,1.1591,1.3228
2025-11-27,,
2025-11-28,1.16,1.3239
2025-12-01,1.1623,1.3229
2025-12-02,1.1596,1.3186
2025-12-03,1.166,1.3334
2025-12-04,1.1659,1.3355
2025-12-05,1.1635,1.3324
